This is pdfTeX, Version 3.141592653-2.6-1.40.28 (MiKTeX 25.12) (preloaded format=pdflatex 2026.7.9)  1 SEP 2026 11:00
entering extended mode
 restricted \write18 enabled.
 file:line:error style messages enabled.
 %&-line parsing enabled.
**\PassOptionsToClass{10pt}{acmart}\AddToHook{package/newtxmath/after}{\let\Bbb
k\relax}\input{main.tex}
(main.tex
(C:\Users\13627\AppData\Local\Programs\MiKTeX\tex/latex/acmart\acmart.cls
Document Class: acmart 2026/05/31 v2.18 Typesetting articles for the Associatio
n for Computing Machinery
(C:\Users\13627\AppData\Local\Programs\MiKTeX\tex/latex/xkeyval\xkeyval.sty
Package: xkeyval 2022/06/16 v2.9 package option processing (HA)

(C:\Users\13627\AppData\Local\Programs\MiKTeX\tex/generic/xkeyval\xkeyval.tex
(C:\Users\13627\AppData\Local\Programs\MiKTeX\tex/generic/xkeyval\xkvutils.tex
\XKV@toks=\toks17
\XKV@tempa@toks=\toks18

(C:\Users\13627\AppData\Local\Programs\MiKTeX\tex/generic/xkeyval\keyval.tex))
\XKV@depth=\count275
File: xkeyval.tex 2014/12/03 v2.7a key=value parser (HA)
)) (C:\Users\13627\AppData\Local\Programs\MiKTeX\tex/latex/xstring\xstring.sty
(C:\Users\13627\AppData\Local\Programs\MiKTeX\tex/generic/xstring\xstring.tex
\xs_counta=\count276
\xs_countb=\count277
)
Package: xstring 2023/08/22 v1.86 String manipulations (CT)
) (C:\Users\13627\AppData\Local\Programs\MiKTeX\tex/generic/iftex\iftex.sty
Package: iftex 2024/12/12 v1.0g TeX engine tests
)
Package acmart Info: Not using screen mode on input line 80.
Package acmart Info: Using breaking urls on hyphens on input line 88.
Package acmart Info: Requiring acmthm on input line 96.
Package acmart Info: Not using review mode on input line 105.
Package acmart Info: Not using authorversion mode on input line 113.
Package acmart Info: Not using nonacm mode on input line 125.
Package acmart Info: Explicitly selecting natbib mode on input line 141.
Package acmart Info: Not using anonymous mode on input line 149.
Package acmart Info: Not using timestamp mode on input line 157.
Package acmart Info: Not using authordraft mode on input line 167.
Package acmart Info: Using anonymous mode on input line 182.
Package acmart Info: Using review mode on input line 182.
Package acmart Info: Using nonacm mode on input line 182.
Class acmart Info: Using format sigconf, number 4 on input line 182.
Class acmart Info: Using fontsize 10pt on input line 288.

(C:\Users\13627\AppData\Local\Programs\MiKTeX\tex/latex/amscls\amsart.cls
Document Class: amsart 2020/05/29 v2.20.6
\linespacing=\dimen148
\normalparindent=\dimen149
\normaltopskip=\skip49
(C:\Users\13627\AppData\Local\Programs\MiKTeX\tex/latex/amsmath\amsmath.sty
Package: amsmath 2025/07/09 v2.17z AMS math features
\@mathmargin=\skip50

For additional information on amsmath, use the `?' option.
(C:\Users\13627\AppData\Local\Programs\MiKTeX\tex/latex/amsmath\amstext.sty
Package: amstext 2024/11/17 v2.01 AMS text

(C:\Users\13627\AppData\Local\Programs\MiKTeX\tex/latex/amsmath\amsgen.sty
File: amsgen.sty 1999/11/30 v2.0 generic functions
\@emptytoks=\toks19
\ex@=\dimen150
))
(C:\Users\13627\AppData\Local\Programs\MiKTeX\tex/latex/amsmath\amsbsy.sty
Package: amsbsy 1999/11/29 v1.2d Bold Symbols
\pmbraise@=\dimen151
)
(C:\Users\13627\AppData\Local\Programs\MiKTeX\tex/latex/amsmath\amsopn.sty
Package: amsopn 2022/04/08 v2.04 operator names
)
\inf@bad=\count278
LaTeX Info: Redefining \frac on input line 233.
\uproot@=\count279
\leftroot@=\count280
LaTeX Info: Redefining \overline on input line 398.
LaTeX Info: Redefining \colon on input line 409.
\classnum@=\count281
\DOTSCASE@=\count282
LaTeX Info: Redefining \ldots on input line 495.
LaTeX Info: Redefining \dots on input line 498.
LaTeX Info: Redefining \cdots on input line 619.
\Mathstrutbox@=\box53
\strutbox@=\box54
LaTeX Info: Redefining \big on input line 721.
LaTeX Info: Redefining \Big on input line 722.
LaTeX Info: Redefining \bigg on input line 723.
LaTeX Info: Redefining \Bigg on input line 724.
\big@size=\dimen152
LaTeX Font Info:    Redeclaring font encoding OML on input line 742.
LaTeX Font Info:    Redeclaring font encoding OMS on input line 743.
\macc@depth=\count283
LaTeX Info: Redefining \bmod on input line 904.
LaTeX Info: Redefining \pmod on input line 909.
LaTeX Info: Redefining \smash on input line 939.
LaTeX Info: Redefining \relbar on input line 969.
LaTeX Info: Redefining \Relbar on input line 970.
\c@MaxMatrixCols=\count284
\dotsspace@=\muskip17
\c@parentequation=\count285
\dspbrk@lvl=\count286
\tag@help=\toks20
\row@=\count287
\column@=\count288
\maxfields@=\count289
\andhelp@=\toks21
\eqnshift@=\dimen153
\alignsep@=\dimen154
\tagshift@=\dimen155
\tagwidth@=\dimen156
\totwidth@=\dimen157
\lineht@=\dimen158
\@envbody=\toks22
\multlinegap=\skip51
\multlinetaggap=\skip52
\mathdisplay@stack=\toks23
LaTeX Info: Redefining \[ on input line 2950.
LaTeX Info: Redefining \] on input line 2951.
)
LaTeX Font Info:    Trying to load font information for U+msa on input line 397
.

(C:\Users\13627\AppData\Local\Programs\MiKTeX\tex/latex/amsfonts\umsa.fd
File: umsa.fd 2013/01/14 v3.01 AMS symbols A
)
(C:\Users\13627\AppData\Local\Programs\MiKTeX\tex/latex/amsfonts\amsfonts.sty
Package: amsfonts 2013/01/14 v3.01 Basic AMSFonts support
\symAMSa=\mathgroup4
\symAMSb=\mathgroup5
LaTeX Font Info:    Redeclaring math symbol \hbar on input line 98.
LaTeX Font Info:    Overwriting math alphabet `\mathfrak' in version `bold'
(Font)                  U/euf/m/n --> U/euf/b/n on input line 106.
)
\copyins=\insert252
\abstractbox=\box55
\listisep=\skip53
\c@part=\count290
\c@section=\count291
\c@subsection=\count292
\c@subsubsection=\count293
\c@paragraph=\count294
\c@subparagraph=\count295
\c@figure=\count296
\c@table=\count297
\abovecaptionskip=\skip54
\belowcaptionskip=\skip55
\captionindent=\dimen159
\thm@style=\toks24
\thm@bodyfont=\toks25
\thm@headfont=\toks26
\thm@notefont=\toks27
\thm@headpunct=\toks28
\thm@preskip=\skip56
\thm@postskip=\skip57
\thm@headsep=\skip58
\dth@everypar=\toks29
)
LaTeX Info: Redefining \markboth on input line 290.

(C:\Users\13627\AppData\Local\Programs\MiKTeX\tex/latex/microtype\microtype.sty
Package: microtype 2026/03/01 v3.2d Micro-typographical refinements (RS)
(C:\Users\13627\AppData\Local\Programs\MiKTeX\tex/latex/etoolbox\etoolbox.sty
Package: etoolbox 2025/10/02 v2.5m e-TeX tools for LaTeX (JAW)
\etb@tempcnta=\count298
)
\MT@toks=\toks30
\MT@tempbox=\box56
\MT@count=\count299
LaTeX Info: Redefining \noprotrusionifhmode on input line 1084.
LaTeX Info: Redefining \leftprotrusion on input line 1085.
\MT@prot@toks=\toks31
LaTeX Info: Redefining \rightprotrusion on input line 1104.
LaTeX Info: Redefining \textls on input line 1449.
\MT@outer@kern=\dimen160
LaTeX Info: Redefining \microtypecontext on input line 2053.
LaTeX Info: Redefining \textmicrotypecontext on input line 2070.
\MT@listname@count=\count300

(C:\Users\13627\AppData\Local\Programs\MiKTeX\tex/latex/microtype\microtype-pdf
tex.def
File: microtype-pdftex.def 2026/03/01 v3.2d Definitions specific to pdftex (RS)

LaTeX Info: Redefining \lsstyle on input line 944.
LaTeX Info: Redefining \lslig on input line 944.
\MT@outer@space=\skip59
)
Package microtype Info: Loading configuration file microtype.cfg.

(C:\Users\13627\AppData\Local\Programs\MiKTeX\tex/latex/microtype\microtype.cfg
File: microtype.cfg 2026/03/01 v3.2d microtype main configuration file (RS)
)
LaTeX Info: Redefining \microtypesetup on input line 3065.
)
(C:\Users\13627\AppData\Local\Programs\MiKTeX\tex/latex/booktabs\booktabs.sty
Package: booktabs 2020/01/12 v1.61803398 Publication quality tables
\heavyrulewidth=\dimen161
\lightrulewidth=\dimen162
\cmidrulewidth=\dimen163
\belowrulesep=\dimen164
\belowbottomsep=\dimen165
\aboverulesep=\dimen166
\abovetopsep=\dimen167
\cmidrulesep=\dimen168
\cmidrulekern=\dimen169
\defaultaddspace=\dimen170
\@cmidla=\count301
\@cmidlb=\count302
\@aboverulesep=\dimen171
\@belowrulesep=\dimen172
\@thisruleclass=\count303
\@lastruleclass=\count304
\@thisrulewidth=\dimen173
)
(C:\Users\13627\AppData\Local\Programs\MiKTeX\tex/latex/refcount\refcount.sty
Package: refcount 2019/12/15 v3.6 Data extraction from label references (HO)

(C:\Users\13627\AppData\Local\Programs\MiKTeX\tex/generic/ltxcmds\ltxcmds.sty
Package: ltxcmds 2023-12-04 v1.26 LaTeX kernel commands for general use (HO)
)
(C:\Users\13627\AppData\Local\Programs\MiKTeX\tex/generic/infwarerr\infwarerr.s
ty
Package: infwarerr 2019/12/03 v1.5 Providing info/warning/error messages (HO)
))
(C:\Users\13627\AppData\Local\Programs\MiKTeX\tex/latex/totpages\totpages.sty
Package: totpages 2005/09/19 v2.00 Totpages Package (muewi)

(C:\Users\13627\AppData\Local\Programs\MiKTeX\tex/latex/everyshi\everyshi.sty
Package: everyshi 2020/11/18 v4.00 EveryShipout Package
)) (C:\Users\13627\AppData\Local\Programs\MiKTeX\tex/latex/environ\environ.sty
Package: environ 2014/05/04 v0.3 A new way to define environments

(C:\Users\13627\AppData\Local\Programs\MiKTeX\tex/latex/trimspaces\trimspaces.s
ty
Package: trimspaces 2009/09/17 v1.1 Trim spaces around a token list
))
\@ACM@acmcp@delta=\dimen174
 (C:\Users\13627\AppData\Local\Programs\MiKTeX\tex/latex/natbib\natbib.sty
Package: natbib 2010/09/13 8.31b (PWD, AO)
\bibhang=\skip60
\bibsep=\skip61
LaTeX Info: Redefining \cite on input line 694.
\c@NAT@ctr=\count305
) (C:\Users\13627\AppData\Local\Programs\MiKTeX\tex/latex/hyperref\hyperref.sty
Package: hyperref 2025-07-12 v7.01o Hypertext links for LaTeX

(C:\Users\13627\AppData\Local\Programs\MiKTeX\tex/latex/kvsetkeys\kvsetkeys.sty
Package: kvsetkeys 2022-10-05 v1.19 Key value parser (HO)
)
(C:\Users\13627\AppData\Local\Programs\MiKTeX\tex/generic/kvdefinekeys\kvdefine
keys.sty
Package: kvdefinekeys 2019-12-19 v1.6 Define keys (HO)
)
(C:\Users\13627\AppData\Local\Programs\MiKTeX\tex/generic/pdfescape\pdfescape.s
ty
Package: pdfescape 2019/12/09 v1.15 Implements pdfTeX's escape features (HO)

(C:\Users\13627\AppData\Local\Programs\MiKTeX\tex/generic/pdftexcmds\pdftexcmds
.sty
Package: pdftexcmds 2020-06-27 v0.33 Utility functions of pdfTeX for LuaTeX (HO
)
Package pdftexcmds Info: \pdf@primitive is available.
Package pdftexcmds Info: \pdf@ifprimitive is available.
Package pdftexcmds Info: \pdfdraftmode found.
))
(C:\Users\13627\AppData\Local\Programs\MiKTeX\tex/latex/hycolor\hycolor.sty
Package: hycolor 2020-01-27 v1.10 Color options for hyperref/bookmark (HO)
)
(C:\Users\13627\AppData\Local\Programs\MiKTeX\tex/latex/hyperref\nameref.sty
Package: nameref 2025-06-21 v2.57 Cross-referencing by name of section

(C:\Users\13627\AppData\Local\Programs\MiKTeX\tex/generic/gettitlestring\gettit
lestring.sty
Package: gettitlestring 2019/12/15 v1.6 Cleanup title references (HO)

(C:\Users\13627\AppData\Local\Programs\MiKTeX\tex/latex/kvoptions\kvoptions.sty
Package: kvoptions 2022-06-15 v3.15 Key value format for package options (HO)
))
\c@section@level=\count306
)
(C:\Users\13627\AppData\Local\Programs\MiKTeX\tex/generic/stringenc\stringenc.s
ty
Package: stringenc 2019/11/29 v1.12 Convert strings between diff. encodings (HO
)
)
\@linkdim=\dimen175
\Hy@linkcounter=\count307
\Hy@pagecounter=\count308
 (C:\Users\13627\AppData\Local\Programs\MiKTeX\tex/latex/hyperref\pd1enc.def
File: pd1enc.def 2025-07-12 v7.01o Hyperref: PDFDocEncoding definition (HO)
Now handling font encoding PD1 ...
... no UTF-8 mapping file for font encoding PD1
) (C:\Users\13627\AppData\Local\Programs\MiKTeX\tex/generic/intcalc\intcalc.sty
Package: intcalc 2019/12/15 v1.3 Expandable calculations with integers (HO)
)
\Hy@SavedSpaceFactor=\count309
 (C:\Users\13627\AppData\Local\Programs\MiKTeX\tex/latex/hyperref\puenc.def
File: puenc.def 2025-07-12 v7.01o Hyperref: PDF Unicode definition (HO)
Now handling font encoding PU ...
... no UTF-8 mapping file for font encoding PU
)
Package hyperref Info: Option `bookmarksnumbered' set `true' on input line 4066
.
Package hyperref Info: Option `unicode' set `true' on input line 4066.
Package hyperref Info: Hyper figures OFF on input line 4195.
Package hyperref Info: Link nesting OFF on input line 4200.
Package hyperref Info: Hyper index ON on input line 4203.
Package hyperref Info: Plain pages OFF on input line 4210.
Package hyperref Info: Backreferencing OFF on input line 4215.
Package hyperref Info: Implicit mode ON; LaTeX internals redefined.
Package hyperref Info: Bookmarks ON on input line 4462.
\c@Hy@tempcnt=\count310

(C:\Users\13627\AppData\Local\Programs\MiKTeX\tex/latex/url\url.sty
\Urlmuskip=\muskip18
Package: url 2013/09/16  ver 3.4  Verb mode for urls, etc.
)
LaTeX Info: Redefining \url on input line 4801.
\XeTeXLinkMargin=\dimen176

(C:\Users\13627\AppData\Local\Programs\MiKTeX\tex/generic/bitset\bitset.sty
Package: bitset 2019/12/09 v1.3 Handle bit-vector datatype (HO)

(C:\Users\13627\AppData\Local\Programs\MiKTeX\tex/generic/bigintcalc\bigintcalc
.sty
Package: bigintcalc 2019/12/15 v1.5 Expandable calculations on big integers (HO
)
))
\Fld@menulength=\count311
\Field@Width=\dimen177
\Fld@charsize=\dimen178
Package hyperref Info: Hyper figures OFF on input line 6078.
Package hyperref Info: Link nesting OFF on input line 6083.
Package hyperref Info: Hyper index ON on input line 6086.
Package hyperref Info: backreferencing OFF on input line 6093.
Package hyperref Info: Link coloring OFF on input line 6098.
Package hyperref Info: Link coloring with OCG OFF on input line 6103.
Package hyperref Info: PDF/A mode OFF on input line 6108.
\Hy@abspage=\count312
\c@Item=\count313
\c@Hfootnote=\count314
)
Package hyperref Info: Driver (autodetected): hpdftex.

(C:\Users\13627\AppData\Local\Programs\MiKTeX\tex/latex/hyperref\hpdftex.def
File: hpdftex.def 2025-07-12 v7.01o Hyperref driver for pdfTeX
\Fld@listcount=\count315
\c@bookmark@seq@number=\count316

(C:\Users\13627\AppData\Local\Programs\MiKTeX\tex/latex/rerunfilecheck\rerunfil
echeck.sty
Package: rerunfilecheck 2025-06-21 v1.11 Rerun checks for auxiliary files (HO)

(C:\Users\13627\AppData\Local\Programs\MiKTeX\tex/generic/uniquecounter\uniquec
ounter.sty
Package: uniquecounter 2019/12/15 v1.4 Provide unlimited unique counter (HO)
)
Package uniquecounter Info: New unique counter `rerunfilecheck' on input line 2
84.
)
\Hy@SectionHShift=\skip62
)
(C:\Users\13627\AppData\Local\Programs\MiKTeX\tex/latex/hyperxmp\hyperxmp.sty
Package: hyperxmp 2024/03/17 v5.13 Store hyperref metadata in XMP format
\hyxmp@aep@toks=\toks32

(C:\Users\13627\AppData\Local\Programs\MiKTeX\tex/latex/ifmtarg\ifmtarg.sty
Package: ifmtarg 2018/04/16 v1.2b check for an empty argument
)
(C:\Users\13627\AppData\Local\Programs\MiKTeX\tex/latex/base\ifthen.sty
Package: ifthen 2024/03/16 v1.1e Standard LaTeX ifthen package (DPC)
)
\@hyxmp@count=\count317

(C:\Users\13627\AppData\Local\Programs\MiKTeX\tex/latex/oberdiek\ifdraft.sty
Package: ifdraft 2016/05/16 v1.4 Detect class options draft and final (HO)
)
(C:\Users\13627\AppData\Local\Programs\MiKTeX\tex/generic/iftex\ifluatex.sty
Package: ifluatex 2019/10/25 v1.5 ifluatex legacy package. Use iftex instead.
))
(C:\Users\13627\AppData\Local\Programs\MiKTeX\tex/latex/graphics\graphicx.sty
Package: graphicx 2024/12/31 v1.2e Enhanced LaTeX Graphics (DPC,SPQR)

(C:\Users\13627\AppData\Local\Programs\MiKTeX\tex/latex/graphics\graphics.sty
Package: graphics 2024/08/06 v1.4g Standard LaTeX Graphics (DPC,SPQR)

(C:\Users\13627\AppData\Local\Programs\MiKTeX\tex/latex/graphics\trig.sty
Package: trig 2023/12/02 v1.11 sin cos tan (DPC)
)
(C:\Users\13627\AppData\Local\Programs\MiKTeX\tex/latex/graphics-cfg\graphics.c
fg
File: graphics.cfg 2016/06/04 v1.11 sample graphics configuration
)
Package graphics Info: Driver file: pdftex.def on input line 106.

(C:\Users\13627\AppData\Local\Programs\MiKTeX\tex/latex/graphics-def\pdftex.def
File: pdftex.def 2025/09/29 v1.2d Graphics/color driver for pdftex
))
\Gin@req@height=\dimen179
\Gin@req@width=\dimen180
) (C:\Users\13627\AppData\Local\Programs\MiKTeX\tex/latex/xcolor\xcolor.sty
Package: xcolor 2024/09/29 v3.02 LaTeX color extensions (UK)

(C:\Users\13627\AppData\Local\Programs\MiKTeX\tex/latex/graphics-cfg\color.cfg
File: color.cfg 2016/01/02 v1.6 sample color configuration
)
Package xcolor Info: Driver file: pdftex.def on input line 274.
(C:\Users\13627\AppData\Local\Programs\MiKTeX\tex/latex/graphics\mathcolor.ltx)
Package xcolor Info: Model `cmy' substituted by `cmy0' on input line 1349.
Package xcolor Info: Model `hsb' substituted by `rgb' on input line 1353.
Package xcolor Info: Model `RGB' extended on input line 1365.
Package xcolor Info: Model `HTML' substituted by `rgb' on input line 1367.
Package xcolor Info: Model `Hsb' substituted by `hsb' on input line 1368.
Package xcolor Info: Model `tHsb' substituted by `hsb' on input line 1369.
Package xcolor Info: Model `HSB' substituted by `hsb' on input line 1370.
Package xcolor Info: Model `Gray' substituted by `gray' on input line 1371.
Package xcolor Info: Model `wave' substituted by `hsb' on input line 1372.
) (C:\Users\13627\AppData\Local\Programs\MiKTeX\tex/latex/geometry\geometry.sty
Package: geometry 2026/03/07 v6.0 Page Geometry
(C:\Users\13627\AppData\Local\Programs\MiKTeX\tex/generic/iftex\ifvtex.sty
Package: ifvtex 2019/10/25 v1.7 ifvtex legacy package. Use iftex instead.
)
\Gm@cnth=\count318
\Gm@cntv=\count319
\c@Gm@tempcnt=\count320
\Gm@bindingoffset=\dimen181
\Gm@wd@mp=\dimen182
\Gm@odd@mp=\dimen183
\Gm@even@mp=\dimen184
\Gm@layoutwidth=\dimen185
\Gm@layoutheight=\dimen186
\Gm@layouthoffset=\dimen187
\Gm@layoutvoffset=\dimen188
\Gm@dimlist=\toks33

(C:\Users\13627\AppData\Local\Programs\MiKTeX\tex/latex/geometry\geometry.cfg))
(C:\Users\13627\AppData\Local\Programs\MiKTeX\tex/latex/ncctools\manyfoot.sty
Package: manyfoot 2019/08/03 v1.11 Many Footnote Levels Package (NCC)

(C:\Users\13627\AppData\Local\Programs\MiKTeX\tex/latex/ncctools\nccfoots.sty
Package: nccfoots 2005/02/03 v1.2 NCC Footnotes Package (NCC)
)
\MFL@columnwidth=\dimen189
)
\footinsauthorsaddresses=\insert251
\c@footnoteauthorsaddresses=\count321
\footinscopyrightpermission=\insert250
\c@footnotecopyrightpermission=\count322

(C:\Users\13627\AppData\Local\Programs\MiKTeX\tex/generic/pdftex\glyphtounicode
.tex) (C:\Users\13627\AppData\Local\Programs\MiKTeX\tex/latex/cmap\cmap.sty
Package: cmap 2021/02/06 v1.0j CMap support: searchable PDF
)
(C:\Users\13627\AppData\Local\Programs\MiKTeX\tex/latex/base\fontenc.sty
Package: fontenc 2025/07/18 v2.1d Standard LaTeX package
<<t1.cmap>>)
(C:\Users\13627\AppData\Local\Programs\MiKTeX\tex/latex/libertine\libertine.sty
Package: libertine 2024/04/23 (Bob Tennent) Supports Libertine and Biolinum fon
ts for all LaTeX engines.
(C:\Users\13627\AppData\Local\Programs\MiKTeX\tex/generic/iftex\ifxetex.sty
Package: ifxetex 2019/10/25 v0.7 ifxetex legacy package. Use iftex instead.
)
(C:\Users\13627\AppData\Local\Programs\MiKTeX\tex/latex/base\textcomp.sty
Package: textcomp 2024/04/24 v2.1b Standard LaTeX package
)
(C:\Users\13627\AppData\Local\Programs\MiKTeX\tex/latex/base\fontenc.sty
Package: fontenc 2025/07/18 v2.1d Standard LaTeX package
)
(C:\Users\13627\AppData\Local\Programs\MiKTeX\tex/latex/fontaxes\fontaxes.sty
Package: fontaxes 2026-01-02 v2.0.2 Font selection axes (deprecated)
Applying: [2024-11-01] Use figureversions if present on input line 74.

(C:\Users\13627\AppData\Local\Programs\MiKTeX\tex/latex/figureversions\figureve
rsions.sty
Package: figureversions 2025-04-29 v1.0.1 Figure versions
)
Already applied: [0000-00-00] Fall back to v1 on input line 76.
)
LaTeX Info: Redefining \oldstylenums on input line 485.

(C:\Users\13627\AppData\Local\Programs\MiKTeX\tex/latex/libertine\LinLibertine_
I.tex))
(C:\Users\13627\AppData\Local\Programs\MiKTeX\tex/latex/inconsolata\zi4.sty
Package: zi4 2019/05/17 v1.12

`inconsolata-zi4' v1.12, 2019/05/17 Text macros for Inconsolata (msharpe)
\zifour@ocount=\count323
)
(C:\Users\13627\AppData\Local\Programs\MiKTeX\tex/latex/newtx\newtxmath.sty
Package: newtxmath 2024/09/22 v1.754

`newtxmath' v1.754, 2024/09/22 Math macros based originally on txfonts (msharpe
)
(C:\Users\13627\AppData\Local\Programs\MiKTeX\tex/latex/oberdiek\centernot.sty
Package: centernot 2016/05/16 v1.4 Centers the not symbol horizontally (HO)
)
\tx@cntz=\count324
(C:\Users\13627\AppData\Local\Programs\MiKTeX\tex/generic/binhex\binhex.tex)
\tx@Isdigit=\count325
\tx@IsAlNum=\count326
\tx@tA=\toks34
\tx@tB=\toks35
\tx@su=\read2

amsthm NOT loaded
LaTeX Font Info:    Redeclaring symbol font `operators' on input line 402.
LaTeX Font Info:    Overwriting symbol font `operators' in version `normal'
(Font)                  OT1/cmr/m/n --> OT1/LinuxLibertineT-TLF/m/n on input li
ne 402.
LaTeX Font Info:    Overwriting symbol font `operators' in version `bold'
(Font)                  OT1/cmr/bx/n --> OT1/LinuxLibertineT-TLF/m/n on input l
ine 402.
LaTeX Font Info:    Overwriting symbol font `operators' in version `bold'
(Font)                  OT1/LinuxLibertineT-TLF/m/n --> OT1/LinuxLibertineT-TLF
/sb/n on input line 403.
LaTeX Font Info:    Redeclaring math alphabet \mathsf on input line 410.
LaTeX Font Info:    Overwriting math alphabet `\mathsf' in version `normal'
(Font)                  OT1/cmss/m/n --> OT1/LinuxBiolinumT-TLF/m/n on input li
ne 410.
LaTeX Font Info:    Overwriting math alphabet `\mathsf' in version `bold'
(Font)                  OT1/cmss/bx/n --> OT1/LinuxBiolinumT-TLF/m/n on input l
ine 410.
LaTeX Font Info:    Overwriting math alphabet `\mathsf' in version `bold'
(Font)                  OT1/LinuxBiolinumT-TLF/m/n --> OT1/LinuxBiolinumT-TLF/b
/n on input line 412.
LaTeX Font Info:    Redeclaring math alphabet \mathit on input line 419.
LaTeX Font Info:    Overwriting math alphabet `\mathit' in version `normal'
(Font)                  OT1/cmr/m/it --> OT1/LinuxLibertineT-TLF/m/it on input 
line 419.
LaTeX Font Info:    Overwriting math alphabet `\mathit' in version `bold'
(Font)                  OT1/cmr/bx/it --> OT1/LinuxLibertineT-TLF/m/it on input
 line 419.
LaTeX Font Info:    Redeclaring math alphabet \mathtt on input line 420.
LaTeX Font Info:    Overwriting math alphabet `\mathtt' in version `normal'
(Font)                  OT1/cmtt/m/n --> T1/zi4/m/n on input line 420.
LaTeX Font Info:    Overwriting math alphabet `\mathtt' in version `bold'
(Font)                  OT1/cmtt/m/n --> T1/zi4/m/n on input line 420.
LaTeX Font Info:    Redeclaring math alphabet \mathbf on input line 422.
LaTeX Font Info:    Overwriting math alphabet `\mathbf' in version `normal'
(Font)                  OT1/cmr/bx/n --> OT1/LinuxLibertineT-TLF/sb/n on input 
line 422.
LaTeX Font Info:    Overwriting math alphabet `\mathbf' in version `bold'
(Font)                  OT1/cmr/bx/n --> OT1/LinuxLibertineT-TLF/sb/n on input 
line 422.
LaTeX Font Info:    Overwriting math alphabet `\mathit' in version `bold'
(Font)                  OT1/LinuxLibertineT-TLF/m/it --> OT1/LinuxLibertineT-TL
F/sb/it on input line 423.
LaTeX Font Info:    Overwriting math alphabet `\mathtt' in version `bold'
(Font)                  T1/zi4/m/n --> T1/zi4/b/n on input line 426.
LaTeX Font Info:    Redeclaring symbol font `letters' on input line 444.
LaTeX Font Info:    Overwriting symbol font `letters' in version `normal'
(Font)                  OML/cmm/m/it --> OML/nxlmi/m/it on input line 444.
LaTeX Font Info:    Overwriting symbol font `letters' in version `bold'
(Font)                  OML/cmm/b/it --> OML/nxlmi/m/it on input line 444.
LaTeX Font Info:    Overwriting symbol font `letters' in version `bold'
(Font)                  OML/nxlmi/m/it --> OML/nxlmi/b/it on input line 445.
\symlettersA=\mathgroup6
LaTeX Font Info:    Overwriting symbol font `lettersA' in version `bold'
(Font)                  U/ntxmia/m/it --> U/ntxmia/b/it on input line 582.
LaTeX Font Info:    Redeclaring math alphabet \mathfrak on input line 584.
Now handling font encoding LMS ...
... no UTF-8 mapping file for font encoding LMS
LaTeX Font Info:    Redeclaring symbol font `symbols' on input line 604.
LaTeX Font Info:    Encoding `OMS' has changed to `LMS' for symbol font
(Font)              `symbols' in the math version `normal' on input line 604.
LaTeX Font Info:    Overwriting symbol font `symbols' in version `normal'
(Font)                  OMS/cmsy/m/n --> LMS/ntxsy/m/n on input line 604.
LaTeX Font Info:    Encoding `OMS' has changed to `LMS' for symbol font
(Font)              `symbols' in the math version `bold' on input line 604.
LaTeX Font Info:    Overwriting symbol font `symbols' in version `bold'
(Font)                  OMS/cmsy/b/n --> LMS/ntxsy/m/n on input line 604.
LaTeX Font Info:    Overwriting symbol font `symbols' in version `bold'
(Font)                  LMS/ntxsy/m/n --> LMS/ntxsy/b/n on input line 605.
\symAMSm=\mathgroup7
LaTeX Font Info:    Overwriting symbol font `AMSm' in version `bold'
(Font)                  U/ntxsym/m/n --> U/ntxsym/b/n on input line 630.
\symsymbolsC=\mathgroup8
LaTeX Font Info:    Overwriting symbol font `symbolsC' in version `bold'
(Font)                  U/ntxsyc/m/n --> U/ntxsyc/b/n on input line 651.
Now handling font encoding LMX ...
... no UTF-8 mapping file for font encoding LMX
LaTeX Font Info:    Redeclaring symbol font `largesymbols' on input line 664.
LaTeX Font Info:    Encoding `OMX' has changed to `LMX' for symbol font
(Font)              `largesymbols' in the math version `normal' on input line 6
64.
LaTeX Font Info:    Overwriting symbol font `largesymbols' in version `normal'
(Font)                  OMX/cmex/m/n --> LMX/ntxexx/m/n on input line 664.
LaTeX Font Info:    Encoding `OMX' has changed to `LMX' for symbol font
(Font)              `largesymbols' in the math version `bold' on input line 664
.
LaTeX Font Info:    Overwriting symbol font `largesymbols' in version `bold'
(Font)                  OMX/cmex/m/n --> LMX/ntxexx/m/n on input line 664.
LaTeX Font Info:    Overwriting symbol font `largesymbols' in version `bold'
(Font)                  LMX/ntxexx/m/n --> LMX/ntxexx/b/n on input line 665.
\symlargesymbolsTXA=\mathgroup9
LaTeX Font Info:    Overwriting symbol font `largesymbolsTXA' in version `bold'

(Font)                  U/ntxexa/m/n --> U/ntxexa/b/n on input line 679.
\tx@sbptoks=\toks36
LaTeX Font Info:    Redeclaring math delimiter \lfloor on input line 902.
LaTeX Font Info:    Redeclaring math delimiter \rfloor on input line 903.
LaTeX Font Info:    Redeclaring math delimiter \lceil on input line 904.
LaTeX Font Info:    Redeclaring math delimiter \rceil on input line 905.
LaTeX Font Info:    Redeclaring math delimiter \lbrace on input line 910.
LaTeX Font Info:    Redeclaring math delimiter \rbrace on input line 911.
LaTeX Font Info:    Redeclaring math delimiter \langle on input line 913.
LaTeX Font Info:    Redeclaring math delimiter \rangle on input line 915.
LaTeX Font Info:    Redeclaring math delimiter \arrowvert on input line 919.
LaTeX Font Info:    Redeclaring math delimiter \vert on input line 920.
LaTeX Font Info:    Redeclaring math accent \dot on input line 991.
LaTeX Font Info:    Redeclaring math accent \ddot on input line 992.
LaTeX Font Info:    Redeclaring math accent \vec on input line 2057.
LaTeX Info: Redefining \Bbbk on input line 2847.
LaTeX Info: Redefining \not on input line 2995.
LaTeX Info: Redefining \textsquare on input line 3025.
LaTeX Info: Redefining \openbox on input line 3027.
) (C:\Users\13627\AppData\Local\Programs\MiKTeX\tex/latex/psnfss\pifont.sty
Package: pifont 2020/03/25 PSNFSS-v9.3 Pi font support (SPQR) 
LaTeX Font Info:    Trying to load font information for U+pzd on input line 63.


(C:\Users\13627\AppData\Local\Programs\MiKTeX\tex/latex/psnfss\upzd.fd
File: upzd.fd 2001/06/04 font definitions for U/pzd.
)
LaTeX Font Info:    Trying to load font information for U+psy on input line 64.


(C:\Users\13627\AppData\Local\Programs\MiKTeX\tex/latex/psnfss\upsy.fd
File: upsy.fd 2001/06/04 font definitions for U/psy.
))
(C:\Users\13627\AppData\Local\Programs\MiKTeX\tex/latex/caption\caption.sty
Package: caption 2023/08/05 v3.6o Customizing captions (AR)

(C:\Users\13627\AppData\Local\Programs\MiKTeX\tex/latex/caption\caption3.sty
Package: caption3 2023/07/31 v2.4d caption3 kernel (AR)
\caption@tempdima=\dimen190
\captionmargin=\dimen191
\caption@leftmargin=\dimen192
\caption@rightmargin=\dimen193
\caption@width=\dimen194
\caption@indent=\dimen195
\caption@parindent=\dimen196
\caption@hangindent=\dimen197
Package caption Info: AMS or SMF document class detected.

(C:\Users\13627\AppData\Local\Programs\MiKTeX\tex/latex/caption\caption-ams-smf
.sto
File: caption-ams-smf.sto 2020/08/22 v2.0 Adaption of the caption package to th
e AMS and SMF document classes (AR)
))
\c@caption@flags=\count327
\c@continuedfloat=\count328
Package caption Info: hyperref package is loaded.
) (C:\Users\13627\AppData\Local\Programs\MiKTeX\tex/latex/float\float.sty
Package: float 2001/11/08 v1.3d Float enhancements (AL)
\c@float@type=\count329
\float@exts=\toks37
\float@box=\box57
\@float@everytoks=\toks38
\@floatcapt=\box58
)
\@float@every@sidebar=\toks39
\c@sidebar=\count330
\fulltextwidth=\dimen198
\@ACM@labelwidth=\dimen199
\listisep=\skip63
\num@authorgroups=\count331
\num@authors=\count332
\@ACM@badge@width=\skip64
\@ACM@title@width=\skip65
\@ACM@badge@skip=\skip66
Class acmart Info: Printing CCS on input line 1804.
Class acmart Info: Printing bibformat on input line 1804.
Class acmart Info: Suppressing folios on input line 1811.
Class acmart Info: Setting authorsperrow to 0 on input line 1814.
 (C:\Users\13627\AppData\Local\Programs\MiKTeX\tex/latex/comment\comment.sty
\CommentStream=\write3

Excluding comment 'comment') Excluding comment 'CCSXML'
\c@@concepts=\count333
\mktitle@bx=\box59
\@ACM@acmcpbox=\box60
\@ACM@commabox=\box61
\author@bx=\box62
\author@bx@wd=\dimen256
\author@bx@sep=\skip67

(C:\Users\13627\AppData\Local\Programs\MiKTeX\tex/latex/fancyhdr\fancyhdr.sty
Package: fancyhdr 2025/02/07 v5.2 Extensive control of page headers and footers

\f@nch@headwidth=\skip68
\f@nch@offset@elh=\skip69
\f@nch@offset@erh=\skip70
\f@nch@offset@olh=\skip71
\f@nch@offset@orh=\skip72
\f@nch@offset@elf=\skip73
\f@nch@offset@erf=\skip74
\f@nch@offset@olf=\skip75
\f@nch@offset@orf=\skip76
\f@nch@height=\skip77
\f@nch@footalignment=\skip78
\f@nch@widthL=\skip79
\f@nch@widthC=\skip80
\f@nch@widthR=\skip81
\@temptokenb=\toks40
)
\ACM@linecount@bx=\box63
\ACM@linecount@bxht=\skip82
\ACM@linecount=\count334

Special comment 'acks'
LaTeX Font Info:    Trying to load font information for T1+LinuxLibertineT-TLF 
on input line 3607.

(C:\Users\13627\AppData\Local\Programs\MiKTeX\tex/latex/libertine\t1linuxlibert
inet-tlf.fd
File: T1LinuxLibertineT-TLF.fd 2017/03/20 (autoinst) Font definitions for T1/Li
nuxLibertineT-TLF.
)
LaTeX Font Info:    Font shape `T1/LinuxLibertineT-TLF/m/n' will be
(Font)              scaled to size 10.0pt on input line 3607.
)
(C:\Users\13627\AppData\Local\Programs\MiKTeX\tex/latex/amsfonts\amssymb.sty
Package: amssymb 2013/01/14 v3.01 AMS font symbols
LaTeX Font Info:    Redeclaring math symbol \boxdot on input line 44.
LaTeX Font Info:    Redeclaring math symbol \boxplus on input line 45.
LaTeX Font Info:    Redeclaring math symbol \boxtimes on input line 46.
LaTeX Font Info:    Redeclaring math symbol \blacksquare on input line 48.
LaTeX Font Info:    Redeclaring math symbol \centerdot on input line 49.
LaTeX Font Info:    Redeclaring math symbol \blacklozenge on input line 51.
LaTeX Font Info:    Redeclaring math symbol \circlearrowright on input line 52.

LaTeX Font Info:    Redeclaring math symbol \circlearrowleft on input line 53.
LaTeX Font Info:    Redeclaring math symbol \leftrightharpoons on input line 56
.
LaTeX Font Info:    Redeclaring math symbol \boxminus on input line 57.
LaTeX Font Info:    Redeclaring math symbol \Vdash on input line 58.
LaTeX Font Info:    Redeclaring math symbol \Vvdash on input line 59.
LaTeX Font Info:    Redeclaring math symbol \vDash on input line 60.
LaTeX Font Info:    Redeclaring math symbol \twoheadrightarrow on input line 61
.
LaTeX Font Info:    Redeclaring math symbol \twoheadleftarrow on input line 62.

LaTeX Font Info:    Redeclaring math symbol \leftleftarrows on input line 63.
LaTeX Font Info:    Redeclaring math symbol \rightrightarrows on input line 64.

LaTeX Font Info:    Redeclaring math symbol \upuparrows on input line 65.
LaTeX Font Info:    Redeclaring math symbol \downdownarrows on input line 66.
LaTeX Font Info:    Redeclaring math symbol \upharpoonright on input line 67.
LaTeX Font Info:    Redeclaring math symbol \downharpoonright on input line 69.

LaTeX Font Info:    Redeclaring math symbol \upharpoonleft on input line 70.
LaTeX Font Info:    Redeclaring math symbol \downharpoonleft on input line 71.
LaTeX Font Info:    Redeclaring math symbol \rightarrowtail on input line 72.
LaTeX Font Info:    Redeclaring math symbol \leftarrowtail on input line 73.
LaTeX Font Info:    Redeclaring math symbol \leftrightarrows on input line 74.
LaTeX Font Info:    Redeclaring math symbol \rightleftarrows on input line 75.
LaTeX Font Info:    Redeclaring math symbol \Lsh on input line 76.
LaTeX Font Info:    Redeclaring math symbol \Rsh on input line 77.
LaTeX Font Info:    Redeclaring math symbol \leftrightsquigarrow on input line 
79.
LaTeX Font Info:    Redeclaring math symbol \looparrowleft on input line 80.
LaTeX Font Info:    Redeclaring math symbol \looparrowright on input line 81.
LaTeX Font Info:    Redeclaring math symbol \circeq on input line 82.
LaTeX Font Info:    Redeclaring math symbol \succsim on input line 83.
LaTeX Font Info:    Redeclaring math symbol \gtrsim on input line 84.
LaTeX Font Info:    Redeclaring math symbol \gtrapprox on input line 85.
LaTeX Font Info:    Redeclaring math symbol \multimap on input line 86.
LaTeX Font Info:    Redeclaring math symbol \therefore on input line 87.
LaTeX Font Info:    Redeclaring math symbol \because on input line 88.
LaTeX Font Info:    Redeclaring math symbol \doteqdot on input line 89.
LaTeX Font Info:    Redeclaring math symbol \triangleq on input line 91.
LaTeX Font Info:    Redeclaring math symbol \precsim on input line 92.
LaTeX Font Info:    Redeclaring math symbol \lesssim on input line 93.
LaTeX Font Info:    Redeclaring math symbol \lessapprox on input line 94.
LaTeX Font Info:    Redeclaring math symbol \eqslantless on input line 95.
LaTeX Font Info:    Redeclaring math symbol \eqslantgtr on input line 96.
LaTeX Font Info:    Redeclaring math symbol \curlyeqprec on input line 97.
LaTeX Font Info:    Redeclaring math symbol \curlyeqsucc on input line 98.
LaTeX Font Info:    Redeclaring math symbol \preccurlyeq on input line 99.
LaTeX Font Info:    Redeclaring math symbol \leqq on input line 100.
LaTeX Font Info:    Redeclaring math symbol \leqslant on input line 101.
LaTeX Font Info:    Redeclaring math symbol \lessgtr on input line 102.
LaTeX Font Info:    Redeclaring math symbol \backprime on input line 103.
LaTeX Font Info:    Redeclaring math symbol \risingdotseq on input line 104.
LaTeX Font Info:    Redeclaring math symbol \fallingdotseq on input line 105.
LaTeX Font Info:    Redeclaring math symbol \succcurlyeq on input line 106.
LaTeX Font Info:    Redeclaring math symbol \geqq on input line 107.
LaTeX Font Info:    Redeclaring math symbol \geqslant on input line 108.
LaTeX Font Info:    Redeclaring math symbol \gtrless on input line 109.
LaTeX Font Info:    Redeclaring math symbol \bigstar on input line 117.
LaTeX Font Info:    Redeclaring math symbol \between on input line 118.
LaTeX Font Info:    Redeclaring math symbol \blacktriangledown on input line 11
9.
LaTeX Font Info:    Redeclaring math symbol \blacktriangleright on input line 1
20.
LaTeX Font Info:    Redeclaring math symbol \blacktriangleleft on input line 12
1.
LaTeX Font Info:    Redeclaring math symbol \vartriangle on input line 122.
LaTeX Font Info:    Redeclaring math symbol \blacktriangle on input line 123.
LaTeX Font Info:    Redeclaring math symbol \triangledown on input line 124.
LaTeX Font Info:    Redeclaring math symbol \eqcirc on input line 125.
LaTeX Font Info:    Redeclaring math symbol \lesseqgtr on input line 126.
LaTeX Font Info:    Redeclaring math symbol \gtreqless on input line 127.
LaTeX Font Info:    Redeclaring math symbol \lesseqqgtr on input line 128.
LaTeX Font Info:    Redeclaring math symbol \gtreqqless on input line 129.
LaTeX Font Info:    Redeclaring math symbol \Rrightarrow on input line 130.
LaTeX Font Info:    Redeclaring math symbol \Lleftarrow on input line 131.
LaTeX Font Info:    Redeclaring math symbol \veebar on input line 132.
LaTeX Font Info:    Redeclaring math symbol \barwedge on input line 133.
LaTeX Font Info:    Redeclaring math symbol \doublebarwedge on input line 134.
LaTeX Font Info:    Redeclaring math symbol \measuredangle on input line 137.
LaTeX Font Info:    Redeclaring math symbol \sphericalangle on input line 138.
LaTeX Font Info:    Redeclaring math symbol \varpropto on input line 139.
LaTeX Font Info:    Redeclaring math symbol \smallsmile on input line 140.
LaTeX Font Info:    Redeclaring math symbol \smallfrown on input line 141.
LaTeX Font Info:    Redeclaring math symbol \Subset on input line 142.
LaTeX Font Info:    Redeclaring math symbol \Supset on input line 143.
LaTeX Font Info:    Redeclaring math symbol \Cup on input line 144.
LaTeX Font Info:    Redeclaring math symbol \Cap on input line 146.
LaTeX Font Info:    Redeclaring math symbol \curlywedge on input line 148.
LaTeX Font Info:    Redeclaring math symbol \curlyvee on input line 149.
LaTeX Font Info:    Redeclaring math symbol \leftthreetimes on input line 150.
LaTeX Font Info:    Redeclaring math symbol \rightthreetimes on input line 151.

LaTeX Font Info:    Redeclaring math symbol \subseteqq on input line 152.
LaTeX Font Info:    Redeclaring math symbol \supseteqq on input line 153.
LaTeX Font Info:    Redeclaring math symbol \bumpeq on input line 154.
LaTeX Font Info:    Redeclaring math symbol \Bumpeq on input line 155.
LaTeX Font Info:    Redeclaring math symbol \lll on input line 156.
LaTeX Font Info:    Redeclaring math symbol \ggg on input line 158.
LaTeX Font Info:    Redeclaring math symbol \circledS on input line 160.
LaTeX Font Info:    Redeclaring math symbol \pitchfork on input line 161.
LaTeX Font Info:    Redeclaring math symbol \dotplus on input line 162.
LaTeX Font Info:    Redeclaring math symbol \backsim on input line 163.
LaTeX Font Info:    Redeclaring math symbol \backsimeq on input line 164.
LaTeX Font Info:    Redeclaring math symbol \complement on input line 165.
LaTeX Font Info:    Redeclaring math symbol \intercal on input line 166.
LaTeX Font Info:    Redeclaring math symbol \circledcirc on input line 167.
LaTeX Font Info:    Redeclaring math symbol \circledast on input line 168.
LaTeX Font Info:    Redeclaring math symbol \circleddash on input line 169.
LaTeX Font Info:    Redeclaring math symbol \lvertneqq on input line 171.
LaTeX Font Info:    Redeclaring math symbol \gvertneqq on input line 172.
LaTeX Font Info:    Redeclaring math symbol \nleq on input line 173.
LaTeX Font Info:    Redeclaring math symbol \ngeq on input line 174.
LaTeX Font Info:    Redeclaring math symbol \nless on input line 175.
LaTeX Font Info:    Redeclaring math symbol \ngtr on input line 176.
LaTeX Font Info:    Redeclaring math symbol \nprec on input line 177.
LaTeX Font Info:    Redeclaring math symbol \nsucc on input line 178.
LaTeX Font Info:    Redeclaring math symbol \lneqq on input line 179.
LaTeX Font Info:    Redeclaring math symbol \gneqq on input line 180.
LaTeX Font Info:    Redeclaring math symbol \nleqslant on input line 181.
LaTeX Font Info:    Redeclaring math symbol \ngeqslant on input line 182.
LaTeX Font Info:    Redeclaring math symbol \lneq on input line 183.
LaTeX Font Info:    Redeclaring math symbol \gneq on input line 184.
LaTeX Font Info:    Redeclaring math symbol \npreceq on input line 185.
LaTeX Font Info:    Redeclaring math symbol \nsucceq on input line 186.
LaTeX Font Info:    Redeclaring math symbol \precnsim on input line 187.
LaTeX Font Info:    Redeclaring math symbol \succnsim on input line 188.
LaTeX Font Info:    Redeclaring math symbol \lnsim on input line 189.
LaTeX Font Info:    Redeclaring math symbol \gnsim on input line 190.
LaTeX Font Info:    Redeclaring math symbol \nleqq on input line 191.
LaTeX Font Info:    Redeclaring math symbol \ngeqq on input line 192.
LaTeX Font Info:    Redeclaring math symbol \precneqq on input line 193.
LaTeX Font Info:    Redeclaring math symbol \succneqq on input line 194.
LaTeX Font Info:    Redeclaring math symbol \precnapprox on input line 195.
LaTeX Font Info:    Redeclaring math symbol \succnapprox on input line 196.
LaTeX Font Info:    Redeclaring math symbol \lnapprox on input line 197.
LaTeX Font Info:    Redeclaring math symbol \gnapprox on input line 198.
LaTeX Font Info:    Redeclaring math symbol \nsim on input line 199.
LaTeX Font Info:    Redeclaring math symbol \ncong on input line 200.
LaTeX Font Info:    Redeclaring math symbol \diagup on input line 201.
LaTeX Font Info:    Redeclaring math symbol \diagdown on input line 202.
LaTeX Font Info:    Redeclaring math symbol \varsubsetneq on input line 203.
LaTeX Font Info:    Redeclaring math symbol \varsupsetneq on input line 204.
LaTeX Font Info:    Redeclaring math symbol \nsubseteqq on input line 205.
LaTeX Font Info:    Redeclaring math symbol \nsupseteqq on input line 206.
LaTeX Font Info:    Redeclaring math symbol \subsetneqq on input line 207.
LaTeX Font Info:    Redeclaring math symbol \supsetneqq on input line 208.
LaTeX Font Info:    Redeclaring math symbol \varsubsetneqq on input line 209.
LaTeX Font Info:    Redeclaring math symbol \varsupsetneqq on input line 210.
LaTeX Font Info:    Redeclaring math symbol \subsetneq on input line 211.
LaTeX Font Info:    Redeclaring math symbol \supsetneq on input line 212.
LaTeX Font Info:    Redeclaring math symbol \nsubseteq on input line 213.
LaTeX Font Info:    Redeclaring math symbol \nsupseteq on input line 214.
LaTeX Font Info:    Redeclaring math symbol \nparallel on input line 215.
LaTeX Font Info:    Redeclaring math symbol \nmid on input line 216.
LaTeX Font Info:    Redeclaring math symbol \nshortmid on input line 217.
LaTeX Font Info:    Redeclaring math symbol \nshortparallel on input line 218.
LaTeX Font Info:    Redeclaring math symbol \nvdash on input line 219.
LaTeX Font Info:    Redeclaring math symbol \nVdash on input line 220.
LaTeX Font Info:    Redeclaring math symbol \nvDash on input line 221.
LaTeX Font Info:    Redeclaring math symbol \nVDash on input line 222.
LaTeX Font Info:    Redeclaring math symbol \ntrianglerighteq on input line 223
.
LaTeX Font Info:    Redeclaring math symbol \ntrianglelefteq on input line 224.

LaTeX Font Info:    Redeclaring math symbol \ntriangleleft on input line 225.
LaTeX Font Info:    Redeclaring math symbol \ntriangleright on input line 226.
LaTeX Font Info:    Redeclaring math symbol \nleftarrow on input line 227.
LaTeX Font Info:    Redeclaring math symbol \nrightarrow on input line 228.
LaTeX Font Info:    Redeclaring math symbol \nLeftarrow on input line 229.
LaTeX Font Info:    Redeclaring math symbol \nRightarrow on input line 230.
LaTeX Font Info:    Redeclaring math symbol \nLeftrightarrow on input line 231.

LaTeX Font Info:    Redeclaring math symbol \nleftrightarrow on input line 232.

LaTeX Font Info:    Redeclaring math symbol \divideontimes on input line 233.
LaTeX Font Info:    Redeclaring math symbol \varnothing on input line 234.
LaTeX Font Info:    Redeclaring math symbol \nexists on input line 235.
LaTeX Font Info:    Redeclaring math symbol \Finv on input line 236.
LaTeX Font Info:    Redeclaring math symbol \Game on input line 237.
LaTeX Font Info:    Redeclaring math symbol \eth on input line 240.
LaTeX Font Info:    Redeclaring math symbol \eqsim on input line 241.
LaTeX Font Info:    Redeclaring math symbol \beth on input line 242.
LaTeX Font Info:    Redeclaring math symbol \gimel on input line 243.
LaTeX Font Info:    Redeclaring math symbol \daleth on input line 244.
LaTeX Font Info:    Redeclaring math symbol \lessdot on input line 245.
LaTeX Font Info:    Redeclaring math symbol \gtrdot on input line 246.
LaTeX Font Info:    Redeclaring math symbol \ltimes on input line 247.
LaTeX Font Info:    Redeclaring math symbol \rtimes on input line 248.
LaTeX Font Info:    Redeclaring math symbol \shortmid on input line 249.
LaTeX Font Info:    Redeclaring math symbol \shortparallel on input line 250.
LaTeX Font Info:    Redeclaring math symbol \smallsetminus on input line 251.
LaTeX Font Info:    Redeclaring math symbol \thicksim on input line 252.
LaTeX Font Info:    Redeclaring math symbol \thickapprox on input line 253.
LaTeX Font Info:    Redeclaring math symbol \approxeq on input line 254.
LaTeX Font Info:    Redeclaring math symbol \succapprox on input line 255.
LaTeX Font Info:    Redeclaring math symbol \precapprox on input line 256.
LaTeX Font Info:    Redeclaring math symbol \curvearrowleft on input line 257.
LaTeX Font Info:    Redeclaring math symbol \curvearrowright on input line 258.

LaTeX Font Info:    Redeclaring math symbol \digamma on input line 259.
LaTeX Font Info:    Redeclaring math symbol \varkappa on input line 260.
LaTeX Font Info:    Redeclaring math symbol \hslash on input line 262.
LaTeX Font Info:    Redeclaring math symbol \backepsilon on input line 265.
)
(C:\Users\13627\AppData\Local\Programs\MiKTeX\tex/latex/pgf/frontendlayer\tikz.
sty
(C:\Users\13627\AppData\Local\Programs\MiKTeX\tex/latex/pgf/basiclayer\pgf.sty
(C:\Users\13627\AppData\Local\Programs\MiKTeX\tex/latex/pgf/utilities\pgfrcs.st
y
(C:\Users\13627\AppData\Local\Programs\MiKTeX\tex/generic/pgf/utilities\pgfutil
-common.tex
\pgfutil@everybye=\toks41
\pgfutil@tempdima=\dimen257
\pgfutil@tempdimb=\dimen258
)
(C:\Users\13627\AppData\Local\Programs\MiKTeX\tex/generic/pgf/utilities\pgfutil
-latex.def
\pgfutil@abb=\box64
)
(C:\Users\13627\AppData\Local\Programs\MiKTeX\tex/generic/pgf/utilities\pgfrcs.
code.tex
(C:\Users\13627\AppData\Local\Programs\MiKTeX\tex/generic/pgf\pgf.revision.tex)
Package: pgfrcs 2025-08-29 v3.1.11a (3.1.11a)
))
Package: pgf 2025-08-29 v3.1.11a (3.1.11a)

(C:\Users\13627\AppData\Local\Programs\MiKTeX\tex/latex/pgf/basiclayer\pgfcore.
sty
(C:\Users\13627\AppData\Local\Programs\MiKTeX\tex/latex/pgf/systemlayer\pgfsys.
sty
(C:\Users\13627\AppData\Local\Programs\MiKTeX\tex/generic/pgf/systemlayer\pgfsy
s.code.tex
Package: pgfsys 2025-08-29 v3.1.11a (3.1.11a)

(C:\Users\13627\AppData\Local\Programs\MiKTeX\tex/generic/pgf/utilities\pgfkeys
.code.tex
\pgfkeys@pathtoks=\toks42
\pgfkeys@temptoks=\toks43

(C:\Users\13627\AppData\Local\Programs\MiKTeX\tex/generic/pgf/utilities\pgfkeys
libraryfiltered.code.tex
\pgfkeys@tmptoks=\toks44
))
\pgf@x=\dimen259
\pgf@y=\dimen260
\pgf@xa=\dimen261
\pgf@ya=\dimen262
\pgf@xb=\dimen263
\pgf@yb=\dimen264
\pgf@xc=\dimen265
\pgf@yc=\dimen266
\pgf@xd=\dimen267
\pgf@yd=\dimen268
\w@pgf@writea=\write4
\r@pgf@reada=\read3
\c@pgf@counta=\count335
\c@pgf@countb=\count336
\c@pgf@countc=\count337
\c@pgf@countd=\count338
\t@pgf@toka=\toks45
\t@pgf@tokb=\toks46
\t@pgf@tokc=\toks47
\pgf@sys@id@count=\count339

(C:\Users\13627\AppData\Local\Programs\MiKTeX\tex/generic/pgf/systemlayer\pgf.c
fg
File: pgf.cfg 2025-08-29 v3.1.11a (3.1.11a)
)
Driver file for pgf: pgfsys-pdftex.def

(C:\Users\13627\AppData\Local\Programs\MiKTeX\tex/generic/pgf/systemlayer\pgfsy
s-pdftex.def
File: pgfsys-pdftex.def 2025-08-29 v3.1.11a (3.1.11a)

(C:\Users\13627\AppData\Local\Programs\MiKTeX\tex/generic/pgf/systemlayer\pgfsy
s-common-pdf.def
File: pgfsys-common-pdf.def 2025-08-29 v3.1.11a (3.1.11a)
)))
(C:\Users\13627\AppData\Local\Programs\MiKTeX\tex/generic/pgf/systemlayer\pgfsy
ssoftpath.code.tex
File: pgfsyssoftpath.code.tex 2025-08-29 v3.1.11a (3.1.11a)
\pgfsyssoftpath@smallbuffer@items=\count340
\pgfsyssoftpath@bigbuffer@items=\count341
)
(C:\Users\13627\AppData\Local\Programs\MiKTeX\tex/generic/pgf/systemlayer\pgfsy
sprotocol.code.tex
File: pgfsysprotocol.code.tex 2025-08-29 v3.1.11a (3.1.11a)
))
(C:\Users\13627\AppData\Local\Programs\MiKTeX\tex/generic/pgf/basiclayer\pgfcor
e.code.tex
Package: pgfcore 2025-08-29 v3.1.11a (3.1.11a)

(C:\Users\13627\AppData\Local\Programs\MiKTeX\tex/generic/pgf/math\pgfmath.code
.tex
(C:\Users\13627\AppData\Local\Programs\MiKTeX\tex/generic/pgf/math\pgfmathutil.
code.tex)
(C:\Users\13627\AppData\Local\Programs\MiKTeX\tex/generic/pgf/math\pgfmathparse
r.code.tex
\pgfmath@dimen=\dimen269
\pgfmath@count=\count342
\pgfmath@box=\box65
\pgfmath@toks=\toks48
\pgfmath@stack@operand=\toks49
\pgfmath@stack@operation=\toks50
)
(C:\Users\13627\AppData\Local\Programs\MiKTeX\tex/generic/pgf/math\pgfmathfunct
ions.code.tex)
(C:\Users\13627\AppData\Local\Programs\MiKTeX\tex/generic/pgf/math\pgfmathfunct
ions.basic.code.tex)
(C:\Users\13627\AppData\Local\Programs\MiKTeX\tex/generic/pgf/math\pgfmathfunct
ions.trigonometric.code.tex)
(C:\Users\13627\AppData\Local\Programs\MiKTeX\tex/generic/pgf/math\pgfmathfunct
ions.random.code.tex)
(C:\Users\13627\AppData\Local\Programs\MiKTeX\tex/generic/pgf/math\pgfmathfunct
ions.comparison.code.tex)
(C:\Users\13627\AppData\Local\Programs\MiKTeX\tex/generic/pgf/math\pgfmathfunct
ions.base.code.tex)
(C:\Users\13627\AppData\Local\Programs\MiKTeX\tex/generic/pgf/math\pgfmathfunct
ions.round.code.tex)
(C:\Users\13627\AppData\Local\Programs\MiKTeX\tex/generic/pgf/math\pgfmathfunct
ions.misc.code.tex)
(C:\Users\13627\AppData\Local\Programs\MiKTeX\tex/generic/pgf/math\pgfmathfunct
ions.integerarithmetics.code.tex)
(C:\Users\13627\AppData\Local\Programs\MiKTeX\tex/generic/pgf/math\pgfmathcalc.
code.tex)
(C:\Users\13627\AppData\Local\Programs\MiKTeX\tex/generic/pgf/math\pgfmathfloat
.code.tex
\c@pgfmathroundto@lastzeros=\count343
))
(C:\Users\13627\AppData\Local\Programs\MiKTeX\tex/generic/pgf/math\pgfint.code.
tex)
(C:\Users\13627\AppData\Local\Programs\MiKTeX\tex/generic/pgf/basiclayer\pgfcor
epoints.code.tex
File: pgfcorepoints.code.tex 2025-08-29 v3.1.11a (3.1.11a)
\pgf@picminx=\dimen270
\pgf@picmaxx=\dimen271
\pgf@picminy=\dimen272
\pgf@picmaxy=\dimen273
\pgf@pathminx=\dimen274
\pgf@pathmaxx=\dimen275
\pgf@pathminy=\dimen276
\pgf@pathmaxy=\dimen277
\pgf@xx=\dimen278
\pgf@xy=\dimen279
\pgf@yx=\dimen280
\pgf@yy=\dimen281
\pgf@zx=\dimen282
\pgf@zy=\dimen283
)
(C:\Users\13627\AppData\Local\Programs\MiKTeX\tex/generic/pgf/basiclayer\pgfcor
epathconstruct.code.tex
File: pgfcorepathconstruct.code.tex 2025-08-29 v3.1.11a (3.1.11a)
\pgf@path@lastx=\dimen284
\pgf@path@lasty=\dimen285
)
(C:\Users\13627\AppData\Local\Programs\MiKTeX\tex/generic/pgf/basiclayer\pgfcor
epathusage.code.tex
File: pgfcorepathusage.code.tex 2025-08-29 v3.1.11a (3.1.11a)
\pgf@shorten@end@additional=\dimen286
\pgf@shorten@start@additional=\dimen287
)
(C:\Users\13627\AppData\Local\Programs\MiKTeX\tex/generic/pgf/basiclayer\pgfcor
escopes.code.tex
File: pgfcorescopes.code.tex 2025-08-29 v3.1.11a (3.1.11a)
\pgfpic=\box66
\pgf@hbox=\box67
\pgf@layerbox@main=\box68
\pgf@picture@serial@count=\count344
)
(C:\Users\13627\AppData\Local\Programs\MiKTeX\tex/generic/pgf/basiclayer\pgfcor
egraphicstate.code.tex
File: pgfcoregraphicstate.code.tex 2025-08-29 v3.1.11a (3.1.11a)
\pgflinewidth=\dimen288
)
(C:\Users\13627\AppData\Local\Programs\MiKTeX\tex/generic/pgf/basiclayer\pgfcor
etransformations.code.tex
File: pgfcoretransformations.code.tex 2025-08-29 v3.1.11a (3.1.11a)
\pgf@pt@x=\dimen289
\pgf@pt@y=\dimen290
\pgf@pt@temp=\dimen291
)
(C:\Users\13627\AppData\Local\Programs\MiKTeX\tex/generic/pgf/basiclayer\pgfcor
equick.code.tex
File: pgfcorequick.code.tex 2025-08-29 v3.1.11a (3.1.11a)
)
(C:\Users\13627\AppData\Local\Programs\MiKTeX\tex/generic/pgf/basiclayer\pgfcor
eobjects.code.tex
File: pgfcoreobjects.code.tex 2025-08-29 v3.1.11a (3.1.11a)
)
(C:\Users\13627\AppData\Local\Programs\MiKTeX\tex/generic/pgf/basiclayer\pgfcor
epathprocessing.code.tex
File: pgfcorepathprocessing.code.tex 2025-08-29 v3.1.11a (3.1.11a)
)
(C:\Users\13627\AppData\Local\Programs\MiKTeX\tex/generic/pgf/basiclayer\pgfcor
earrows.code.tex
File: pgfcorearrows.code.tex 2025-08-29 v3.1.11a (3.1.11a)
\pgfarrowsep=\dimen292
)
(C:\Users\13627\AppData\Local\Programs\MiKTeX\tex/generic/pgf/basiclayer\pgfcor
eshade.code.tex
File: pgfcoreshade.code.tex 2025-08-29 v3.1.11a (3.1.11a)
\pgf@max=\dimen293
\pgf@sys@shading@range@num=\count345
\pgf@shadingcount=\count346
)
(C:\Users\13627\AppData\Local\Programs\MiKTeX\tex/generic/pgf/basiclayer\pgfcor
eimage.code.tex
File: pgfcoreimage.code.tex 2025-08-29 v3.1.11a (3.1.11a)
)
(C:\Users\13627\AppData\Local\Programs\MiKTeX\tex/generic/pgf/basiclayer\pgfcor
eexternal.code.tex
File: pgfcoreexternal.code.tex 2025-08-29 v3.1.11a (3.1.11a)
\pgfexternal@startupbox=\box69
)
(C:\Users\13627\AppData\Local\Programs\MiKTeX\tex/generic/pgf/basiclayer\pgfcor
elayers.code.tex
File: pgfcorelayers.code.tex 2025-08-29 v3.1.11a (3.1.11a)
)
(C:\Users\13627\AppData\Local\Programs\MiKTeX\tex/generic/pgf/basiclayer\pgfcor
etransparency.code.tex
File: pgfcoretransparency.code.tex 2025-08-29 v3.1.11a (3.1.11a)
)
(C:\Users\13627\AppData\Local\Programs\MiKTeX\tex/generic/pgf/basiclayer\pgfcor
epatterns.code.tex
File: pgfcorepatterns.code.tex 2025-08-29 v3.1.11a (3.1.11a)
)
(C:\Users\13627\AppData\Local\Programs\MiKTeX\tex/generic/pgf/basiclayer\pgfcor
erdf.code.tex
File: pgfcorerdf.code.tex 2025-08-29 v3.1.11a (3.1.11a)
)))
(C:\Users\13627\AppData\Local\Programs\MiKTeX\tex/generic/pgf/modules\pgfmodule
shapes.code.tex
File: pgfmoduleshapes.code.tex 2025-08-29 v3.1.11a (3.1.11a)
\pgfnodeparttextbox=\box70
)
(C:\Users\13627\AppData\Local\Programs\MiKTeX\tex/generic/pgf/modules\pgfmodule
plot.code.tex
File: pgfmoduleplot.code.tex 2025-08-29 v3.1.11a (3.1.11a)
)
(C:\Users\13627\AppData\Local\Programs\MiKTeX\tex/latex/pgf/compatibility\pgfco
mp-version-0-65.sty
Package: pgfcomp-version-0-65 2025-08-29 v3.1.11a (3.1.11a)
\pgf@nodesepstart=\dimen294
\pgf@nodesepend=\dimen295
)
(C:\Users\13627\AppData\Local\Programs\MiKTeX\tex/latex/pgf/compatibility\pgfco
mp-version-1-18.sty
Package: pgfcomp-version-1-18 2025-08-29 v3.1.11a (3.1.11a)
))
(C:\Users\13627\AppData\Local\Programs\MiKTeX\tex/latex/pgf/utilities\pgffor.st
y
(C:\Users\13627\AppData\Local\Programs\MiKTeX\tex/latex/pgf/utilities\pgfkeys.s
ty
(C:\Users\13627\AppData\Local\Programs\MiKTeX\tex/generic/pgf/utilities\pgfkeys
.code.tex))
(C:\Users\13627\AppData\Local\Programs\MiKTeX\tex/latex/pgf/math\pgfmath.sty
(C:\Users\13627\AppData\Local\Programs\MiKTeX\tex/generic/pgf/math\pgfmath.code
.tex))
(C:\Users\13627\AppData\Local\Programs\MiKTeX\tex/generic/pgf/utilities\pgffor.
code.tex
Package: pgffor 2025-08-29 v3.1.11a (3.1.11a)
\pgffor@iter=\dimen296
\pgffor@skip=\dimen297
\pgffor@stack=\toks51
\pgffor@toks=\toks52
))
(C:\Users\13627\AppData\Local\Programs\MiKTeX\tex/generic/pgf/frontendlayer/tik
z\tikz.code.tex
Package: tikz 2025-08-29 v3.1.11a (3.1.11a)

(C:\Users\13627\AppData\Local\Programs\MiKTeX\tex/generic/pgf/libraries\pgflibr
aryplothandlers.code.tex
File: pgflibraryplothandlers.code.tex 2025-08-29 v3.1.11a (3.1.11a)
\pgf@plot@mark@count=\count347
\pgfplotmarksize=\dimen298
)
\tikz@lastx=\dimen299
\tikz@lasty=\dimen300
\tikz@lastxsaved=\dimen301
\tikz@lastysaved=\dimen302
\tikz@lastmovetox=\dimen303
\tikz@lastmovetoy=\dimen304
\tikzleveldistance=\dimen305
\tikzsiblingdistance=\dimen306
\tikz@figbox=\box71
\tikz@figbox@bg=\box72
\tikz@tempbox=\box73
\tikz@tempbox@bg=\box74
\tikztreelevel=\count348
\tikznumberofchildren=\count349
\tikznumberofcurrentchild=\count350
\tikz@fig@count=\count351

(C:\Users\13627\AppData\Local\Programs\MiKTeX\tex/generic/pgf/modules\pgfmodule
matrix.code.tex
File: pgfmodulematrix.code.tex 2025-08-29 v3.1.11a (3.1.11a)
\pgfmatrixcurrentrow=\count352
\pgfmatrixcurrentcolumn=\count353
\pgf@matrix@numberofcolumns=\count354
)
\tikz@expandcount=\count355

(C:\Users\13627\AppData\Local\Programs\MiKTeX\tex/generic/pgf/frontendlayer/tik
z/libraries\tikzlibrarytopaths.code.tex
File: tikzlibrarytopaths.code.tex 2025-08-29 v3.1.11a (3.1.11a)
)))
(C:\Users\13627\AppData\Local\Programs\MiKTeX\tex/generic/pgf/libraries\pgflibr
aryarrows.meta.code.tex
File: pgflibraryarrows.meta.code.tex 2025-08-29 v3.1.11a (3.1.11a)
\pgfarrowinset=\dimen307
\pgfarrowlength=\dimen308
\pgfarrowwidth=\dimen309
\pgfarrowlinewidth=\dimen310
)
(C:\Users\13627\AppData\Local\Programs\MiKTeX\tex/generic/pgf/frontendlayer/tik
z/libraries\tikzlibrarypositioning.code.tex
File: tikzlibrarypositioning.code.tex 2025-08-29 v3.1.11a (3.1.11a)
)
(C:\Users\13627\AppData\Local\Programs\MiKTeX\tex/generic/pgf/frontendlayer/tik
z/libraries\tikzlibrarycalc.code.tex
File: tikzlibrarycalc.code.tex 2025-08-29 v3.1.11a (3.1.11a)
)
(C:\Users\13627\AppData\Local\Programs\MiKTeX\tex/generic/pgf/frontendlayer/tik
z/libraries\tikzlibraryfit.code.tex
File: tikzlibraryfit.code.tex 2025-08-29 v3.1.11a (3.1.11a)
)
(C:\Users\13627\AppData\Local\Programs\MiKTeX\tex/generic/pgf/frontendlayer/tik
z/libraries\tikzlibrarybackgrounds.code.tex
File: tikzlibrarybackgrounds.code.tex 2025-08-29 v3.1.11a (3.1.11a)
\pgf@layerbox@background=\box75
\pgf@layerboxsaved@background=\box76
)
(C:\Users\13627\AppData\Local\Programs\MiKTeX\tex/generic/pgf/frontendlayer/tik
z/libraries\tikzlibraryshapes.geometric.code.tex
File: tikzlibraryshapes.geometric.code.tex 2025-08-29 v3.1.11a (3.1.11a)

(C:\Users\13627\AppData\Local\Programs\MiKTeX\tex/generic/pgf/libraries/shapes\
pgflibraryshapes.geometric.code.tex
File: pgflibraryshapes.geometric.code.tex 2025-08-29 v3.1.11a (3.1.11a)
))
(C:\Users\13627\AppData\Local\Programs\MiKTeX\tex/generic/pgf/frontendlayer/tik
z/libraries\tikzlibrarydecorations.pathreplacing.code.tex
(C:\Users\13627\AppData\Local\Programs\MiKTeX\tex/generic/pgf/frontendlayer/tik
z/libraries\tikzlibrarydecorations.code.tex
(C:\Users\13627\AppData\Local\Programs\MiKTeX\tex/generic/pgf/modules\pgfmodule
decorations.code.tex
\pgfdecoratedcompleteddistance=\dimen311
\pgfdecoratedremainingdistance=\dimen312
\pgfdecoratedinputsegmentcompleteddistance=\dimen313
\pgfdecoratedinputsegmentremainingdistance=\dimen314
\pgf@decorate@distancetomove=\dimen315
\pgf@decorate@repeatstate=\count356
\pgfdecorationsegmentamplitude=\dimen316
\pgfdecorationsegmentlength=\dimen317
)
\tikz@lib@dec@box=\box77
)
(C:\Users\13627\AppData\Local\Programs\MiKTeX\tex/generic/pgf/libraries/decorat
ions\pgflibrarydecorations.pathreplacing.code.tex))
(C:\Users\13627\AppData\Local\Programs\MiKTeX\tex/generic/pgf/frontendlayer/tik
z/libraries\tikzlibrarymatrix.code.tex
File: tikzlibrarymatrix.code.tex 2025-08-29 v3.1.11a (3.1.11a)
)
(C:\Users\13627\AppData\Local\Programs\MiKTeX\tex/latex/cleveref\cleveref.sty
Package: cleveref 2018/03/27 v0.21.4 Intelligent cross-referencing
Package cleveref Info: `hyperref' support loaded on input line 2370.
LaTeX Info: Redefining \cref on input line 2370.
LaTeX Info: Redefining \Cref on input line 2370.
LaTeX Info: Redefining \crefrange on input line 2370.
LaTeX Info: Redefining \Crefrange on input line 2370.
LaTeX Info: Redefining \cpageref on input line 2370.
LaTeX Info: Redefining \Cpageref on input line 2370.
LaTeX Info: Redefining \cpagerefrange on input line 2370.
LaTeX Info: Redefining \Cpagerefrange on input line 2370.
LaTeX Info: Redefining \labelcref on input line 2370.
LaTeX Info: Redefining \labelcpageref on input line 2370.
Package cleveref Info: `amsthm' support loaded on input line 3026.
Package cleveref Info: always capitalise cross-reference names on input line 78
25.
Package cleveref Info: always capitalise cross-reference names on input line 78
52.
Package cleveref Info: no abbreviation of names on input line 7852.
)
==> First Aid for cleveref.sty applied!
(figs/numbers_auto.tex)
Package hyperref Info: Option `pdfdisplaydoctitle' set `true' on input line 52.

\c@theorem=\count357

(C:\Users\13627\AppData\Local\Programs\MiKTeX\tex/latex/preprint\balance.sty
Package: balance 1999/02/23 4.3 (PWD)
\oldvsize=\dimen318
)
Excluding comment 'screenonly' Include comment 'printonly'
Excluding comment 'anonsuppress' Excluding comment 'acks'
(C:\Users\13627\AppData\Local\Programs\MiKTeX\tex/latex/l3backend\l3backend-pdf
tex.def
File: l3backend-pdftex.def 2025-10-09 L3 backend support: PDF output (pdfTeX)
\l__color_backend_stack_int=\count358
) (C:\Users\13627\Desktop\actdelta\tmp\pdfs\main-10pt-check.aux)
\openout1 = `main-10pt-check.aux'.

LaTeX Font Info:    Checking defaults for OML/nxlmi/m/it on input line 52.
LaTeX Font Info:    Trying to load font information for OML+nxlmi on input line
 52.

(C:\Users\13627\AppData\Local\Programs\MiKTeX\tex/latex/newtx\omlnxlmi.fd
File: omlnxlmi.fd 2013/11/19 Fontinst v1.933 font definitions for OML/nxlmi.
)
LaTeX Font Info:    ... okay on input line 52.
LaTeX Font Info:    Checking defaults for OMS/cmsy/m/n on input line 52.
LaTeX Font Info:    ... okay on input line 52.
LaTeX Font Info:    Checking defaults for OT1/cmr/m/n on input line 52.
LaTeX Font Info:    ... okay on input line 52.
LaTeX Font Info:    Checking defaults for T1/cmr/m/n on input line 52.
LaTeX Font Info:    ... okay on input line 52.
LaTeX Font Info:    Checking defaults for TS1/cmr/m/n on input line 52.
LaTeX Font Info:    ... okay on input line 52.
LaTeX Font Info:    Checking defaults for OMX/cmex/m/n on input line 52.
LaTeX Font Info:    ... okay on input line 52.
LaTeX Font Info:    Checking defaults for U/ntxexa/m/n on input line 52.
LaTeX Font Info:    Trying to load font information for U+ntxexa on input line 
52.

(C:\Users\13627\AppData\Local\Programs\MiKTeX\tex/latex/newtx\untxexa.fd
File: untxexa.fd 2012/04/16 Fontinst v1.933 font definitions for U/ntxexa.
)
LaTeX Font Info:    ... okay on input line 52.
LaTeX Font Info:    Checking defaults for PD1/pdf/m/n on input line 52.
LaTeX Font Info:    ... okay on input line 52.
LaTeX Font Info:    Checking defaults for PU/pdf/m/n on input line 52.
LaTeX Font Info:    ... okay on input line 52.
LaTeX Font Info:    Checking defaults for LMS/ntxsy/m/n on input line 52.
LaTeX Font Info:    Trying to load font information for LMS+ntxsy on input line
 52.

(C:\Users\13627\AppData\Local\Programs\MiKTeX\tex/latex/newtx\lmsntxsy.fd
File: lmsntxsy.fd 2016/07/02 Fontinst v1.933 font definitions for LMS/ntxsy.
)
LaTeX Font Info:    ... okay on input line 52.
LaTeX Font Info:    Checking defaults for LMX/ntxexx/m/n on input line 52.
LaTeX Font Info:    Trying to load font information for LMX+ntxexx on input lin
e 52.

(C:\Users\13627\AppData\Local\Programs\MiKTeX\tex/latex/newtx\lmxntxexx.fd
File: lmxntxexx.fd 2016/07/03 Fontinst v1.933 font definitions for LMX/ntxexx.
)
LaTeX Font Info:    ... okay on input line 52.
LaTeX Font Info:    Font shape `T1/LinuxLibertineT-TLF/m/n' will be
(Font)              scaled to size 8.0pt on input line 52.
LaTeX Font Info:    Trying to load font information for OT1+LinuxLibertineT-TLF
 on input line 52.

(C:\Users\13627\AppData\Local\Programs\MiKTeX\tex/latex/libertine\ot1linuxliber
tinet-tlf.fd
File: OT1LinuxLibertineT-TLF.fd 2017/03/20 (autoinst) Font definitions for OT1/
LinuxLibertineT-TLF.
)
LaTeX Font Info:    Font shape `OT1/LinuxLibertineT-TLF/m/n' will be
(Font)              scaled to size 8.0pt on input line 52.
<<ot1.cmap>>
LaTeX Font Info:    Font shape `OT1/LinuxLibertineT-TLF/m/n' will be
(Font)              scaled to size 6.0pt on input line 52.
LaTeX Font Info:    Font shape `OT1/LinuxLibertineT-TLF/m/n' will be
(Font)              scaled to size 5.5pt on input line 52.
LaTeX Font Info:    Font shape `OML/nxlmi/m/it' will be
(Font)              scaled to size 8.0pt on input line 52.
<<oml.cmap>>
LaTeX Font Info:    Font shape `OML/nxlmi/m/it' will be
(Font)              scaled to size 6.0pt on input line 52.
LaTeX Font Info:    Font shape `OML/nxlmi/m/it' will be
(Font)              scaled to size 5.5pt on input line 52.
LaTeX Font Info:    Font shape `LMS/ntxsy/m/n' will be
(Font)              scaled to size 8.0pt on input line 52.
LaTeX Font Info:    Font shape `LMS/ntxsy/m/n' will be
(Font)              scaled to size 6.0pt on input line 52.
LaTeX Font Info:    Font shape `LMS/ntxsy/m/n' will be
(Font)              scaled to size 5.5pt on input line 52.
LaTeX Font Info:    Font shape `LMX/ntxexx/m/n' will be
(Font)              scaled to size 8.0pt on input line 52.
LaTeX Font Info:    Font shape `LMX/ntxexx/m/n' will be
(Font)              scaled to size 6.0pt on input line 52.
LaTeX Font Info:    Font shape `LMX/ntxexx/m/n' will be
(Font)              scaled to size 5.5pt on input line 52.
LaTeX Font Info:    Trying to load font information for U+msa on input line 52.


(C:\Users\13627\AppData\Local\Programs\MiKTeX\tex/latex/amsfonts\umsa.fd
File: umsa.fd 2013/01/14 v3.01 AMS symbols A
)
LaTeX Font Info:    Trying to load font information for U+msb on input line 52.


(C:\Users\13627\AppData\Local\Programs\MiKTeX\tex/latex/amsfonts\umsb.fd
File: umsb.fd 2013/01/14 v3.01 AMS symbols B
)
LaTeX Font Info:    Trying to load font information for U+ntxmia on input line 
52.

(C:\Users\13627\AppData\Local\Programs\MiKTeX\tex/latex/newtx\untxmia.fd
File: untxmia.fd 2024/04/09 Fontinst v1.933 font definitions for U/ntxmia.
)
LaTeX Font Info:    Font shape `U/ntxmia/m/it' will be
(Font)              scaled to size 8.0pt on input line 52.
LaTeX Font Info:    Font shape `U/ntxmia/m/it' will be
(Font)              scaled to size 6.0pt on input line 52.
LaTeX Font Info:    Font shape `U/ntxmia/m/it' will be
(Font)              scaled to size 5.5pt on input line 52.
LaTeX Font Info:    Trying to load font information for U+ntxsym on input line 
52.

(C:\Users\13627\AppData\Local\Programs\MiKTeX\tex/latex/newtx\untxsym.fd
File: untxsym.fd 2023/08/16 Fontinst v1.933 font definitions for U/ntxsym.
)
LaTeX Font Info:    Font shape `U/ntxsym/m/n' will be
(Font)              scaled to size 8.0pt on input line 52.
LaTeX Font Info:    Font shape `U/ntxsym/m/n' will be
(Font)              scaled to size 6.0pt on input line 52.
LaTeX Font Info:    Font shape `U/ntxsym/m/n' will be
(Font)              scaled to size 5.5pt on input line 52.
LaTeX Font Info:    Trying to load font information for U+ntxsyc on input line 
52.

(C:\Users\13627\AppData\Local\Programs\MiKTeX\tex/latex/newtx\untxsyc.fd
File: untxsyc.fd 2012/04/12 Fontinst v1.933 font definitions for U/ntxsyc.
)
LaTeX Font Info:    Font shape `U/ntxsyc/m/n' will be
(Font)              scaled to size 8.0pt on input line 52.
LaTeX Font Info:    Font shape `U/ntxsyc/m/n' will be
(Font)              scaled to size 6.0pt on input line 52.
LaTeX Font Info:    Font shape `U/ntxsyc/m/n' will be
(Font)              scaled to size 5.5pt on input line 52.
LaTeX Font Info:    Font shape `U/ntxexa/m/n' will be
(Font)              scaled to size 8.0pt on input line 52.
LaTeX Font Info:    Font shape `U/ntxexa/m/n' will be
(Font)              scaled to size 6.0pt on input line 52.
LaTeX Font Info:    Font shape `U/ntxexa/m/n' will be
(Font)              scaled to size 5.5pt on input line 52.
LaTeX Info: Command `\dddot' is already robust on input line 52.
LaTeX Info: Command `\ddddot' is already robust on input line 52.
LaTeX Info: Redefining \microtypecontext on input line 52.
Package microtype Info: Applying patch `item' on input line 52.
Package microtype Info: Applying patch `toc' on input line 52.
Package microtype Info: Applying patch `eqnum' on input line 52.
Package microtype Info: Applying patch `footnote' on input line 52.
Package microtype Info: Applying patch `verbatim' on input line 52.
LaTeX Info: Redefining \microtypesetup on input line 52.
Package microtype Info: Generating PDF output.
Package microtype Info: Character protrusion enabled (level 2).
Package microtype Info: Using default protrusion set `alltext'.
Package microtype Info: Automatic font expansion enabled (level 2),
(microtype)             stretch: 20, shrink: 20, step: 1, non-selected.
Package microtype Info: Using default expansion set `alltext-nott'.
Package microtype Info: Patching command `\showhyphens'.
Package microtype Info: No adjustment of tracking.
Package microtype Info: No adjustment of interword spacing.
Package microtype Info: No adjustment of character kerning.
Package microtype Info: Loading generic protrusion settings for font family
(microtype)             `LinuxLibertineT-TLF' (encoding: T1).
(microtype)             For optimal results, create family-specific settings.
(microtype)             See the microtype manual for details.
Package hyperref Info: Link coloring OFF on input line 52.

(C:\Users\13627\Desktop\actdelta\tmp\pdfs\main-10pt-check.out)
(C:\Users\13627\Desktop\actdelta\tmp\pdfs\main-10pt-check.out)
\@outlinefile=\write5
\openout5 = `main-10pt-check.out'.


(C:\Users\13627\AppData\Local\Programs\MiKTeX\tex/context/base/mkii\supp-pdf.mk
ii
[Loading MPS to PDF converter (version 2006.09.02).]
\scratchcounter=\count359
\scratchdimen=\dimen319
\scratchbox=\box78
\nofMPsegments=\count360
\nofMParguments=\count361
\everyMPshowfont=\toks53
\MPscratchCnt=\count362
\MPscratchDim=\dimen320
\MPnumerator=\count363
\makeMPintoPDFobject=\count364
\everyMPtoPDFconversion=\toks54
)
(C:\Users\13627\AppData\Local\Programs\MiKTeX\tex/latex/epstopdf-pkg\epstopdf-b
ase.sty
Package: epstopdf-base 2020-01-24 v2.11 Base part for package epstopdf
Package epstopdf-base Info: Redefining graphics rule for `.eps' on input line 4
85.

(C:\Users\13627\AppData\Local\Programs\MiKTeX\tex/latex/00miktex\epstopdf-sys.c
fg
File: epstopdf-sys.cfg 2021/03/18 v2.0 Configuration of epstopdf for MiKTeX
))
*geometry* driver: auto-detecting
*geometry* detected driver: pdftex
*geometry* verbose mode - [ preamble ] result:
* driver: pdftex
* paper: custom
* layout: <same size as paper>
* layoutoffset:(h,v)=(0.0pt,0.0pt)
* modes: includehead includefoot twoside heightrounded 
* h-part:(L,W,R)=(54.0pt, 506.295pt, 54.0pt)
* v-part:(T,H,B)=(57.0pt, 664.96999pt, 73.0pt)
* \paperwidth=614.295pt
* \paperheight=794.96999pt
* \textwidth=506.295pt
* \textheight=622.0pt
* \oddsidemargin=-18.26999pt
* \evensidemargin=-18.26999pt
* \topmargin=-15.26999pt
* \headheight=13.0pt
* \headsep=14.0pt
* \topskip=10.0pt
* \footskip=12.0pt
* \marginparwidth=24.0pt
* \marginparsep=11.0pt
* \columnsep=24.0pt
* \skip\footins=7.0pt plus 11.0pt
* \hoffset=0.0pt
* \voffset=0.0pt
* \mag=1000
* \@twocolumnfalse
* \@twosidetrue
* \@mparswitchtrue
* \@reversemarginfalse
* (1in=72.27pt=25.4mm, 1cm=28.453pt)

\c@mv@tabular=\count365
\c@mv@boldtabular=\count366
(C:\Users\13627\AppData\Local\Programs\MiKTeX\tex/latex/upquote\upquote.sty
Package: upquote 2012/04/19 v1.3 upright-quote and grave-accent glyphs in verba
tim
)
Package caption Info: Begin \AtBeginDocument code.
Package caption Info: float package is loaded.
Package caption Info: End \AtBeginDocument code.

Excluding 'CCSXML' comment.
LaTeX Font Info:    Font shape `T1/LinuxLibertineT-TLF/m/n' will be
(Font)              scaled to size 20.74pt on input line 104.
LaTeX Font Info:    Trying to load font information for T1+LinuxBiolinumT-TLF o
n input line 104.

(C:\Users\13627\AppData\Local\Programs\MiKTeX\tex/latex/libertine\t1linuxbiolin
umt-tlf.fd
File: T1LinuxBiolinumT-TLF.fd 2017/03/20 (autoinst) Font definitions for T1/Lin
uxBiolinumT-TLF.
)
LaTeX Font Info:    Font shape `T1/LinuxBiolinumT-TLF/m/n' will be
(Font)              scaled to size 20.74pt on input line 104.
Package microtype Info: Loading generic protrusion settings for font family
(microtype)             `LinuxBiolinumT-TLF' (encoding: T1).
(microtype)             For optimal results, create family-specific settings.
(microtype)             See the microtype manual for details.
LaTeX Font Info:    Font shape `T1/LinuxBiolinumT-TLF/b/n' will be
(Font)              scaled to size 20.74pt on input line 104.
LaTeX Font Info:    Font shape `T1/LinuxBiolinumT-TLF/b/n' will be
(Font)              scaled to size 10.0pt on input line 104.
LaTeX Font Info:    Font shape `T1/LinuxBiolinumT-TLF/b/n' will be
(Font)              scaled to size 14.4pt on input line 104.
LaTeX Font Info:    Font shape `T1/LinuxBiolinumT-TLF/m/n' will be
(Font)              scaled to size 14.4pt on input line 104.
LaTeX Font Info:    Font shape `T1/LinuxLibertineT-TLF/m/n' will be
(Font)              scaled to size 14.4pt on input line 104.
LaTeX Font Info:    Font shape `T1/LinuxLibertineT-TLF/m/n' will be
(Font)              scaled to size 10.95pt on input line 104.
LaTeX Font Info:    Font shape `T1/LinuxLibertineT-TLF/b/n' will be
(Font)              scaled to size 10.0pt on input line 104.
LaTeX Font Info:    Font shape `T1/LinuxLibertineT-TLF/b/n' will be
(Font)              scaled to size 12.0pt on input line 104.
LaTeX Font Info:    Font shape `T1/LinuxLibertineT-TLF/m/it' will be
(Font)              scaled to size 10.0pt on input line 104.
LaTeX Font Info:    Font shape `OT1/LinuxLibertineT-TLF/m/n' will be
(Font)              scaled to size 10.0pt on input line 104.
Package microtype Info: Loading generic protrusion settings for font family
(microtype)             `LinuxLibertineT-TLF' (encoding: OT1).
(microtype)             For optimal results, create family-specific settings.
(microtype)             See the microtype manual for details.
LaTeX Font Info:    Font shape `OT1/LinuxLibertineT-TLF/m/n' will be
(Font)              scaled to size 7.3pt on input line 104.
LaTeX Font Info:    Font shape `OML/nxlmi/m/it' will be
(Font)              scaled to size 10.0pt on input line 104.
LaTeX Font Info:    Font shape `OML/nxlmi/m/it' will be
(Font)              scaled to size 7.3pt on input line 104.
LaTeX Font Info:    Font shape `LMS/ntxsy/m/n' will be
(Font)              scaled to size 10.0pt on input line 104.
LaTeX Font Info:    Font shape `LMS/ntxsy/m/n' will be
(Font)              scaled to size 7.3pt on input line 104.
LaTeX Font Info:    Font shape `LMX/ntxexx/m/n' will be
(Font)              scaled to size 10.0pt on input line 104.
LaTeX Font Info:    Font shape `LMX/ntxexx/m/n' will be
(Font)              scaled to size 7.3pt on input line 104.

(C:\Users\13627\AppData\Local\Programs\MiKTeX\tex/latex/microtype\mt-msa.cfg
File: mt-msa.cfg 2006/02/04 v1.1 microtype config. file: AMS symbols (a) (RS)
)
(C:\Users\13627\AppData\Local\Programs\MiKTeX\tex/latex/microtype\mt-msb.cfg
File: mt-msb.cfg 2005/06/01 v1.0 microtype config. file: AMS symbols (b) (RS)
)
LaTeX Font Info:    Font shape `U/ntxmia/m/it' will be
(Font)              scaled to size 10.0pt on input line 104.
LaTeX Font Info:    Font shape `U/ntxmia/m/it' will be
(Font)              scaled to size 7.3pt on input line 104.
LaTeX Font Info:    Font shape `U/ntxsym/m/n' will be
(Font)              scaled to size 10.0pt on input line 104.
LaTeX Font Info:    Font shape `U/ntxsym/m/n' will be
(Font)              scaled to size 7.3pt on input line 104.
LaTeX Font Info:    Font shape `U/ntxsyc/m/n' will be
(Font)              scaled to size 10.0pt on input line 104.
LaTeX Font Info:    Font shape `U/ntxsyc/m/n' will be
(Font)              scaled to size 7.3pt on input line 104.
LaTeX Font Info:    Font shape `U/ntxexa/m/n' will be
(Font)              scaled to size 10.0pt on input line 104.
LaTeX Font Info:    Font shape `U/ntxexa/m/n' will be
(Font)              scaled to size 7.3pt on input line 104.

Overfull \hbox (7.0013pt too wide) in paragraph at lines 104--104
\T1/LinuxLibertineT-TLF/m/n/10 (-20) choose ac-tions rather than to re-pro-duce
 pix-els. We test whether
 []

LaTeX Font Info:    Trying to load font information for TS1+LinuxLibertineT-TLF
 on input line 104.

(C:\Users\13627\AppData\Local\Programs\MiKTeX\tex/latex/libertine\ts1linuxliber
tinet-tlf.fd
File: TS1LinuxLibertineT-TLF.fd 2017/03/20 (autoinst) Font definitions for TS1/
LinuxLibertineT-TLF.
)
LaTeX Font Info:    Font shape `TS1/LinuxLibertineT-TLF/m/n' will be
(Font)              scaled to size 10.0pt on input line 104.
Package microtype Info: Loading generic protrusion settings for font family
(microtype)             `LinuxLibertineT-TLF' (encoding: TS1).
(microtype)             For optimal results, create family-specific settings.
(microtype)             See the microtype manual for details.


Package natbib Warning: Citation `black2024pi0' on page 1 undefined on input li
ne 111.


Package natbib Warning: Citation `kim2024openvla' on page 1 undefined on input 
line 111.


Package natbib Warning: Citation `pi2025pi05' on page 1 undefined on input line
 111.


Package natbib Warning: Citation `cao2026edgeserving' on page 1 undefined on in
put line 114.


Package natbib Warning: Citation `dai2025actionflow' on page 1 undefined on inp
ut line 114.


Package natbib Warning: Citation `julg2026vlagents' on page 1 undefined on inpu
t line 114.


Package natbib Warning: Citation `li2026oxygen' on page 1 undefined on input li
ne 114.


Package natbib Warning: Citation `peng2026latency' on page 1 undefined on input
 line 114.


Package natbib Warning: Citation `jiang2025semworld' on page 1 undefined on inp
ut line 123.


Package natbib Warning: Citation `miskowicz2006sod' on page 1 undefined on inpu
t line 123.


Package natbib Warning: Citation `nguyen2008area' on page 1 undefined on input 
line 123.


Package natbib Warning: Citation `suh2007linear' on page 1 undefined on input l
ine 123.


Underfull \vbox (badness 10000) has occurred while \output is active []

LaTeX Font Info:    Font shape `T1/LinuxLibertineT-TLF/m/n' will be
(Font)              scaled to size 7.0pt on input line 159.
 [1.1{C:/Users/13627/AppData/Local/MiKTeX/fonts/map/pdftex/pdftex.map}{C:/Users
/13627/AppData/Local/Programs/MiKTeX/fonts/enc/dvips/libertine/lbtn_76gpa5.enc}
{C:/Users/13627/AppData/Local/Programs/MiKTeX/fonts/enc/dvips/libertine/lbtn_25
tcsq.enc}

{C:/Users/13627/AppData/Local/Programs/MiKTeX/fonts/enc/dvips/libertine/lbtn_nh
77jq.enc}{C:/Users/13627/AppData/Local/Programs/MiKTeX/fonts/enc/dvips/libertin
e/lbtn_7grukw.enc}{C:/Users/13627/AppData/Local/Programs/MiKTeX/fonts/enc/dvips
/libertine/lbtn_oexx6f.enc}{C:/Users/13627/AppData/Local/Programs/MiKTeX/fonts/
enc/dvips/libertine/lbtn_naooyc.enc}]
LaTeX Font Info:    Font shape `T1/LinuxLibertineT-TLF/m/n' will be
(Font)              scaled to size 6.0pt on input line 197.
LaTeX Font Info:    Font shape `OT1/LinuxLibertineT-TLF/m/n' will be
(Font)              scaled to size 6.5pt on input line 197.
LaTeX Font Info:    Font shape `OML/nxlmi/m/it' will be
(Font)              scaled to size 6.5pt on input line 197.
LaTeX Font Info:    Font shape `LMS/ntxsy/m/n' will be
(Font)              scaled to size 6.5pt on input line 197.
LaTeX Font Info:    Font shape `LMX/ntxexx/m/n' will be
(Font)              scaled to size 6.5pt on input line 197.
LaTeX Font Info:    Font shape `U/ntxmia/m/it' will be
(Font)              scaled to size 6.5pt on input line 197.
LaTeX Font Info:    Font shape `U/ntxsym/m/n' will be
(Font)              scaled to size 6.5pt on input line 197.
LaTeX Font Info:    Font shape `U/ntxsyc/m/n' will be
(Font)              scaled to size 6.5pt on input line 197.
LaTeX Font Info:    Font shape `U/ntxexa/m/n' will be
(Font)              scaled to size 6.5pt on input line 197.


Class acmart Warning: A possible image without description on input line 218.


Package natbib Warning: Citation `black2024pi0' on page 2 undefined on input li
ne 226.


Package natbib Warning: Citation `chi2023diffusion' on page 2 undefined on inpu
t line 226.


Package natbib Warning: Citation `zhao2023aloha' on page 2 undefined on input l
ine 226.


Package natbib Warning: Citation `cao2026edgeserving' on page 2 undefined on in
put line 232.


Package natbib Warning: Citation `dai2025actionflow' on page 2 undefined on inp
ut line 232.


Package natbib Warning: Citation `julg2026vlagents' on page 2 undefined on inpu
t line 232.


Package natbib Warning: Citation `li2026oxygen' on page 2 undefined on input li
ne 232.


Package natbib Warning: Citation `peng2026latency' on page 2 undefined on input
 line 232.


Package natbib Warning: Citation `narayanan2020lumos5g' on page 2 undefined on 
input line 236.


Package natbib Warning: Citation `narayanan2021variegated' on page 2 undefined 
on input line 236.


Package natbib Warning: Citation `raca2020beyond' on page 2 undefined on input 
line 236.


Package natbib Warning: Citation `arzen1999pid' on page 2 undefined on input li
ne 243.


Package natbib Warning: Citation `astrom2002riemann' on page 2 undefined on inp
ut line 243.


Package natbib Warning: Citation `heemels2012intro' on page 2 undefined on inpu
t line 243.


Package natbib Warning: Citation `miskowicz2006sod' on page 2 undefined on inpu
t line 243.


Package natbib Warning: Citation `miskowicz2007asymptotic' on page 2 undefined 
on input line 243.


Package natbib Warning: Citation `tabuada2007event' on page 2 undefined on inpu
t line 243.


Package natbib Warning: Citation `jiang2025semworld' on page 2 undefined on inp
ut line 246.


Package natbib Warning: Citation `wang2026worldtwin' on page 2 undefined on inp
ut line 246.


Package natbib Warning: Citation `yang2024agentdriven' on page 2 undefined on i
nput line 246.


Package natbib Warning: Citation `yin2025genvideo' on page 2 undefined on input
 line 246.


Overfull \hbox (5.04994pt too wide) in paragraph at lines 241--251
\T1/LinuxLibertineT-TLF/m/n/10 (-20) fi-ciently ac-cu-rate [\T1/LinuxLibertineT
-TLF/b/n/10 (-20) ? ? ? ? ? ? \T1/LinuxLibertineT-TLF/m/n/10 (-20) ]. Re-cent s
emantic-communication
 []


Package natbib Warning: Citation `black2024pi0' on page 2 undefined on input li
ne 254.


Package natbib Warning: Citation `kim2024openvla' on page 2 undefined on input 
line 254.


Package natbib Warning: Citation `pi2025pi05' on page 2 undefined on input line
 254.


Overfull \hbox (3.17009pt too wide) in paragraph at lines 253--261
 []\T1/LinuxLibertineT-TLF/m/it/10 (-20) Compute asym-me-try and the pro-posed 
cor-rec-tion.[] \T1/LinuxLibertineT-TLF/m/n/10 (-20) The frozen
 []

LaTeX Font Info:    Font shape `T1/LinuxBiolinumT-TLF/m/n' will be
(Font)              scaled to size 10.0pt on input line 290.
LaTeX Font Info:    Font shape `T1/LinuxBiolinumT-TLF/m/n' will be
(Font)              scaled to size 8.0pt on input line 290.
[2.2]
LaTeX Font Info:    Font shape `T1/LinuxLibertineT-TLF/m/n' will be
(Font)              scaled to size 7.3pt on input line 297.
LaTeX Font Info:    Font shape `T1/LinuxLibertineT-TLF/m/n' will be
(Font)              scaled to size 5.5pt on input line 297.
LaTeX Font Info:    Font shape `T1/LinuxLibertineT-TLF/b/n' will be
(Font)              scaled to size 7.0pt on input line 340.
LaTeX Font Info:    Font shape `T1/LinuxBiolinumT-TLF/m/n' will be
(Font)              scaled to size 6.0pt on input line 351.


Class acmart Warning: A possible image without description on input line 369.


Class acmart Warning: A possible image without description on input line 424.


Package natbib Warning: Citation `liu2023libero' on page 3 undefined on input l
ine 427.

[3.3]
LaTeX Font Info:    Font shape `T1/LinuxLibertineT-TLF/m/n' will be
(Font)              scaled to size 9.0pt on input line 459.
LaTeX Font Info:    Font shape `OT1/LinuxLibertineT-TLF/m/n' will be
(Font)              scaled to size 9.0pt on input line 460.
LaTeX Font Info:    Font shape `OT1/LinuxLibertineT-TLF/m/n' will be
(Font)              scaled to size 6.6pt on input line 460.
LaTeX Font Info:    Font shape `OML/nxlmi/m/it' will be
(Font)              scaled to size 9.0pt on input line 460.
LaTeX Font Info:    Font shape `OML/nxlmi/m/it' will be
(Font)              scaled to size 6.6pt on input line 460.
LaTeX Font Info:    Font shape `LMS/ntxsy/m/n' will be
(Font)              scaled to size 9.0pt on input line 460.
LaTeX Font Info:    Font shape `LMS/ntxsy/m/n' will be
(Font)              scaled to size 6.6pt on input line 460.
LaTeX Font Info:    Font shape `LMX/ntxexx/m/n' will be
(Font)              scaled to size 9.0pt on input line 460.
LaTeX Font Info:    Font shape `LMX/ntxexx/m/n' will be
(Font)              scaled to size 6.6pt on input line 460.
LaTeX Font Info:    Font shape `U/ntxmia/m/it' will be
(Font)              scaled to size 9.0pt on input line 460.
LaTeX Font Info:    Font shape `U/ntxmia/m/it' will be
(Font)              scaled to size 6.6pt on input line 460.
LaTeX Font Info:    Font shape `U/ntxsym/m/n' will be
(Font)              scaled to size 9.0pt on input line 460.
LaTeX Font Info:    Font shape `U/ntxsym/m/n' will be
(Font)              scaled to size 6.6pt on input line 460.
LaTeX Font Info:    Font shape `U/ntxsyc/m/n' will be
(Font)              scaled to size 9.0pt on input line 460.
LaTeX Font Info:    Font shape `U/ntxsyc/m/n' will be
(Font)              scaled to size 6.6pt on input line 460.
LaTeX Font Info:    Font shape `U/ntxexa/m/n' will be
(Font)              scaled to size 9.0pt on input line 460.
LaTeX Font Info:    Font shape `U/ntxexa/m/n' will be
(Font)              scaled to size 6.6pt on input line 460.
LaTeX Font Info:    Font shape `T1/LinuxLibertineT-TLF/m/it' will be
(Font)              scaled to size 9.0pt on input line 471.

Underfull \vbox (badness 10000) has occurred while \output is active []

 [4.4]
Underfull \hbox (badness 5374) in paragraph at lines 571--571
[]\T1/LinuxLibertineT-TLF/m/n/9 (+20) v1: joint fine-tune
 []


Underfull \hbox (badness 1635) in paragraph at lines 571--571
\T1/LinuxLibertineT-TLF/m/n/9 (+20) (re-con. + im-age +
 []


Underfull \hbox (badness 1852) in paragraph at lines 574--574
[]\T1/LinuxLibertineT-TLF/m/n/9 (+20) v2: frozen au-toen-
 []


Underfull \hbox (badness 2698) in paragraph at lines 574--574
\T1/LinuxLibertineT-TLF/m/n/9 (+20) coder, joint ob-jec-
 []


Underfull \hbox (badness 1533) in paragraph at lines 575--576
[]\T1/LinuxLibertineT-TLF/m/n/9 (+20) test $\OML/nxlmi/m/it/9 h\OT1/LinuxLibert
ineT-TLF/m/n/9 (+20) 5$ $0\OML/nxlmi/m/it/9 :\OT1/LinuxLibertineT-TLF/m/n/9 (+2
0) 0164 \LMS/ntxsy/m/n/9 ! \OT1/LinuxLibertineT-TLF/m/n/9 (+20) 0\OML/nxlmi/m/i
t/9 :\OT1/LinuxLibertineT-TLF/m/n/9 (+20) 0327$
 []


Underfull \hbox (badness 10000) in paragraph at lines 575--576
\T1/LinuxLibertineT-TLF/m/n/9 (+20) ($\LMS/ntxsy/m/n/9 Ï\OT1/LinuxLibertineT-TL
F/m/n/9 (+20) 99\OML/nxlmi/m/it/9 :\OT1/LinuxLibertineT-TLF/m/n/9 (+20) 3$\T1/L
inuxLibertineT-TLF/m/n/9 (+20) %); shuf-fled/true
 []

LaTeX Font Info:    Font shape `T1/LinuxLibertineT-TLF/b/n' will be
(Font)              scaled to size 9.0pt on input line 579.
<figs/fig3_wm_selection.pdf, id=228, 205.55998pt x 119.992pt>
File: figs/fig3_wm_selection.pdf Graphic file (type pdf)
<use figs/fig3_wm_selection.pdf>
Package pdftex.def Info: figs/fig3_wm_selection.pdf  used on input line 586.
(pdftex.def)             Requested size: 205.55946pt x 119.99168pt.

Class acmart Warning: A possible image without description on input line 591.

LaTeX Font Info:    Font shape `OT1/LinuxLibertineT-TLF/sb/n' will be
(Font)              scaled to size 10.0pt on input line 624.
LaTeX Font Info:    Font shape `OT1/LinuxLibertineT-TLF/sb/n' will be
(Font)              scaled to size 7.3pt on input line 624.
LaTeX Font Info:    Font shape `OT1/LinuxLibertineT-TLF/sb/n' will be
(Font)              scaled to size 5.5pt on input line 624.

Underfull \vbox (badness 1783) has occurred while \output is active []

 [5.5 <./figs/fig3_wm_selection.pdf>]
LaTeX Font Info:    Font shape `OT1/LinuxLibertineT-TLF/sb/n' will be
(Font)              scaled to size 6.5pt on input line 666.


Class acmart Warning: A possible image without description on input line 695.

LaTeX Font Info:    Font shape `T1/LinuxLibertineT-TLF/b/n' will be
(Font)              scaled to size 6.0pt on input line 712.

Underfull \hbox (badness 1642) in paragraph at lines 715--715
 [][]\T1/LinuxLibertineT-TLF/b/n/6 (+20) Bernoulli
 []


Underfull \hbox (badness 1642) in paragraph at lines 718--718
 [][]\T1/LinuxLibertineT-TLF/b/n/6 (+20) Oracle $\OML/nxlmi/m/it/6.5 ^^N[]$
 []


Class acmart Warning: A possible image without description on input line 732.


Package natbib Warning: Citation `nguyen2009packet' on page 6 undefined on inpu
t line 740.

[6.6{C:/Users/13627/AppData/Local/Programs/MiKTeX/fonts/enc/dvips/libertine/lbt
n_fygcup.enc}]
<figs/fig4_fidelity_forest.pdf, id=274, 228.19453pt x 147.41393pt>
File: figs/fig4_fidelity_forest.pdf Graphic file (type pdf)
<use figs/fig4_fidelity_forest.pdf>
Package pdftex.def Info: figs/fig4_fidelity_forest.pdf  used on input line 793.

(pdftex.def)             Requested size: 228.19397pt x 147.41356pt.


Class acmart Warning: A possible image without description on input line 799.

<figs/fig5_head_strata.pdf, id=277, 209.44951pt x 107.8314pt>
File: figs/fig5_head_strata.pdf Graphic file (type pdf)
<use figs/fig5_head_strata.pdf>
Package pdftex.def Info: figs/fig5_head_strata.pdf  used on input line 827.
(pdftex.def)             Requested size: 209.44897pt x 107.83113pt.

Class acmart Warning: A possible image without description on input line 833.

<figs/fig6_operating_point.pdf, id=280, 207.70634pt x 119.60806pt>
File: figs/fig6_operating_point.pdf Graphic file (type pdf)
<use figs/fig6_operating_point.pdf>
Package pdftex.def Info: figs/fig6_operating_point.pdf  used on input line 837.

(pdftex.def)             Requested size: 207.70583pt x 119.60776pt.

Class acmart Warning: A possible image without description on input line 845.


Underfull \vbox (badness 1845) has occurred while \output is active []

 [7.7 <./figs/fig4_fidelity_forest.pdf> <./figs/fig5_head_strata.pdf>]
Overfull \hbox (5.20006pt too wide) in paragraph at lines 892--898
 []\T1/LinuxLibertineT-TLF/m/it/10 (-20) Counterfactual la-bel pipeline.[] \T1/
LinuxLibertineT-TLF/m/n/10 (-20) For each se-lected observation--
 []

[8.8 <./figs/fig6_operating_point.pdf>]
<figs/fig7_frontier.pdf, id=365, 415.97583pt x 155.91682pt>
File: figs/fig7_frontier.pdf Graphic file (type pdf)
<use figs/fig7_frontier.pdf>
Package pdftex.def Info: figs/fig7_frontier.pdf  used on input line 968.
(pdftex.def)             Requested size: 415.97481pt x 155.91643pt.


Class acmart Warning: A possible image without description on input line 981.


Underfull \vbox (badness 10000) has occurred while \output is active []

 [9.9]
<figs/fig8_effects.pdf, id=373, 240.74141pt x 140.19777pt>
File: figs/fig8_effects.pdf Graphic file (type pdf)
<use figs/fig8_effects.pdf>
Package pdftex.def Info: figs/fig8_effects.pdf  used on input line 1069.
(pdftex.def)             Requested size: 240.74081pt x 140.19742pt.


Class acmart Warning: A possible image without description on input line 1076.


Underfull \vbox (badness 10000) has occurred while \output is active []


Underfull \vbox (badness 2042) has occurred while \output is active []

 [10.10 <./figs/fig7_frontier.pdf> <./figs/fig8_effects.pdf>]
Overfull \hbox (5.12253pt too wide) in paragraph at lines 1101--1109
\T1/LinuxLibertineT-TLF/m/n/10 (-20) both di-rec-tions. The ex-per-i-ment can-n
ot cer-tify that the learned
 []

<figs/fig9_power.pdf, id=440, 214.26874pt x 119.54532pt>
File: figs/fig9_power.pdf Graphic file (type pdf)
<use figs/fig9_power.pdf>
Package pdftex.def Info: figs/fig9_power.pdf  used on input line 1112.
(pdftex.def)             Requested size: 214.2682pt x 119.54501pt.

Class acmart Warning: A possible image without description on input line 1118.

LaTeX Font Info:    Font shape `T1/LinuxLibertineT-TLF/m/it' will be
(Font)              scaled to size 7.0pt on input line 1137.
LaTeX Font Info:    Font shape `T1/LinuxLibertineT-TLF/b/it' will be
(Font)              scaled to size 7.0pt on input line 1155.

Class acmart Warning: A possible image without description on input line 1166.

<figs/fig10_age_tail.pdf, id=444, 213.33904pt x 132.44656pt>
File: figs/fig10_age_tail.pdf Graphic file (type pdf)
<use figs/fig10_age_tail.pdf>
Package pdftex.def Info: figs/fig10_age_tail.pdf  used on input line 1204.
(pdftex.def)             Requested size: 213.3385pt x 132.44623pt.

Class acmart Warning: A possible image without description on input line 1213.


Overfull \hbox (1.52637pt too wide) in paragraph at lines 1216--1226
\T1/LinuxLibertineT-TLF/m/n/10 (-20) If ac-tion di-ver-gence were the right sch
ed-ul-ing tar-get, episodes
 []

[11.11{C:/Users/13627/AppData/Local/Programs/MiKTeX/fonts/enc/dvips/libertine/l
btn_ki75ao.enc} <./figs/fig9_power.pdf>]
<figs/fig11_target_vs_outcome.pdf, id=476, 210.42189pt x 127.99474pt>
File: figs/fig11_target_vs_outcome.pdf Graphic file (type pdf)
<use figs/fig11_target_vs_outcome.pdf>
Package pdftex.def Info: figs/fig11_target_vs_outcome.pdf  used on input line 1
240.
(pdftex.def)             Requested size: 210.42136pt x 127.99442pt.


Class acmart Warning: A possible image without description on input line 1247.

<figs/fig12_wrist.pdf, id=479, 210.45326pt x 129.22552pt>
File: figs/fig12_wrist.pdf Graphic file (type pdf)
<use figs/fig12_wrist.pdf>
Package pdftex.def Info: figs/fig12_wrist.pdf  used on input line 1273.
(pdftex.def)             Requested size: 210.45273pt x 129.22519pt.

Class acmart Warning: A possible image without description on input line 1281.

[12.12 <./figs/fig10_age_tail.pdf> <./figs/fig11_target_vs_outcome.pdf>]
<figs/fig13_uplink.pdf, id=550, 208.7908pt x 129.09956pt>
File: figs/fig13_uplink.pdf Graphic file (type pdf)
<use figs/fig13_uplink.pdf>
Package pdftex.def Info: figs/fig13_uplink.pdf  used on input line 1366.
(pdftex.def)             Requested size: 208.79028pt x 129.09923pt.


Class acmart Warning: A possible image without description on input line 1373.

[13.13 <./figs/fig12_wrist.pdf>]
<figs/fig14_device.pdf, id=582, 228.06906pt x 120.2354pt>
File: figs/fig14_device.pdf Graphic file (type pdf)
<use figs/fig14_device.pdf>
Package pdftex.def Info: figs/fig14_device.pdf  used on input line 1387.
(pdftex.def)             Requested size: 228.0685pt x 120.23509pt.


Class acmart Warning: A possible image without description on input line 1392.


Package natbib Warning: Citation `arzen1999pid' on page 14 undefined on input l
ine 1400.


Package natbib Warning: Citation `astrom2002riemann' on page 14 undefined on in
put line 1400.


Package natbib Warning: Citation `heemels2012intro' on page 14 undefined on inp
ut line 1400.


Package natbib Warning: Citation `mamduhi2017error' on page 14 undefined on inp
ut line 1400.


Package natbib Warning: Citation `miskowicz2006sod' on page 14 undefined on inp
ut line 1400.


Package natbib Warning: Citation `miskowicz2007asymptotic' on page 14 undefined
 on input line 1400.


Package natbib Warning: Citation `molin2013optimality' on page 14 undefined on 
input line 1400.


Package natbib Warning: Citation `nguyen2008area' on page 14 undefined on input
 line 1400.


Package natbib Warning: Citation `suh2007linear' on page 14 undefined on input 
line 1400.


Package natbib Warning: Citation `tabuada2007event' on page 14 undefined on inp
ut line 1400.


Package natbib Warning: Citation `nguyen2009packet' on page 14 undefined on inp
ut line 1402.


Package natbib Warning: Citation `bourtsoulatze2019djscc' on page 14 undefined 
on input line 1404.


Package natbib Warning: Citation `gunduz2023beyond' on page 14 undefined on inp
ut line 1404.


Package natbib Warning: Citation `kountouris2021semantics' on page 14 undefined
 on input line 1404.


Package natbib Warning: Citation `li2025goal' on page 14 undefined on input lin
e 1404.


Package natbib Warning: Citation `yuan2025taskoriented' on page 14 undefined on
 input line 1404.


Package natbib Warning: Citation `chen2025genvid' on page 14 undefined on input
 line 1406.


Package natbib Warning: Citation `jiang2025semworld' on page 14 undefined on in
put line 1406.


Package natbib Warning: Citation `liu2025residtok' on page 14 undefined on inpu
t line 1406.


Package natbib Warning: Citation `wang2026worldtwin' on page 14 undefined on in
put line 1406.


Package natbib Warning: Citation `yang2024agentdriven' on page 14 undefined on 
input line 1406.


Package natbib Warning: Citation `yin2025genvideo' on page 14 undefined on inpu
t line 1406.


Overfull \hbox (4.19186pt too wide) in paragraph at lines 1398--1410
 []\T1/LinuxLibertineT-TLF/m/it/10 (-20) Event-triggered and se-man-tic com-mu-
ni-ca-tion.[] \T1/LinuxLibertineT-TLF/m/n/10 (-20) Send-on-delta
 []


Package natbib Warning: Citation `chen2015glimpse' on page 14 undefined on inpu
t line 1413.


Package natbib Warning: Citation `du2020serverdriven' on page 14 undefined on i
nput line 1413.


Package natbib Warning: Citation `li2020reducto' on page 14 undefined on input 
line 1413.


Package natbib Warning: Citation `zhang2018awstream' on page 14 undefined on in
put line 1413.


Package natbib Warning: Citation `cao2026edgeserving' on page 14 undefined on i
nput line 1417.


Package natbib Warning: Citation `dai2025actionflow' on page 14 undefined on in
put line 1417.


Package natbib Warning: Citation `julg2026vlagents' on page 14 undefined on inp
ut line 1417.


Package natbib Warning: Citation `li2026oxygen' on page 14 undefined on input l
ine 1417.


Package natbib Warning: Citation `peng2026latency' on page 14 undefined on inpu
t line 1417.


Package natbib Warning: Citation `agouzoul2026async' on page 14 undefined on in
put line 1420.


Package natbib Warning: Citation `black2025realtime' on page 14 undefined on in
put line 1420.


Package natbib Warning: Citation `gao2025compressorvla' on page 14 undefined on
 input line 1420.


Package natbib Warning: Citation `kim2026learnedcomp' on page 14 undefined on i
nput line 1420.


Package natbib Warning: Citation `tang2025vlash' on page 14 undefined on input 
line 1420.


Package natbib Warning: Citation `xu2025vlacache' on page 14 undefined on input
 line 1420.


Package natbib Warning: Citation `zhu2026dinolink' on page 14 undefined on inpu
t line 1420.


Package natbib Warning: Citation `bruce2024genie' on page 14 undefined on input
 line 1427.


Package natbib Warning: Citation `hafner2023dreamerv3' on page 14 undefined on 
input line 1427.


Package natbib Warning: Citation `ma2026pilworld' on page 14 undefined on input
 line 1427.


Package natbib Warning: Citation `tang2026onetoken' on page 14 undefined on inp
ut line 1427.


Package natbib Warning: Citation `wu2024ivideogpt' on page 14 undefined on inpu
t line 1427.


Overfull \hbox (2.00224pt too wide) in paragraph at lines 1425--1432
 []\T1/LinuxLibertineT-TLF/m/it/10 (-20) World mod-els.[] \T1/LinuxLibertineT-T
LF/m/n/10 (-20) Action-conditioned pre-dic-tors sup-port imag-
 []


Overfull \hbox (11.12593pt too wide) in paragraph at lines 1461--1466
[]\T1/LinuxLibertineT-TLF/m/n/10 (-20) Communication is mea-sured by send frac-
tion, raw-equivalent
 []

[14.14 <./figs/fig13_uplink.pdf> <./figs/fig14_device.pdf>]
Underfull \vbox (badness 10000) has occurred while \output is active []


(C:\Users\13627\Desktop\actdelta\tmp\pdfs\main-10pt-check.bbl

Package natbib Warning: Empty `thebibliography' environment on input line 39.

)

Package natbib Warning: There were undefined citations.


Class acmart Warning: Some images may lack descriptions.
(acmart)              ACM is committed to complying with the upcoming US ADA ht
tps://accessiblyapp.com/accessibility-compliance/ada/ and European Accessibilit
y Act (EAA) https://accessiblyapp.com/accessibility-compliance/eaa/ regulations
 by actively working to ensure our publications and application services are ac
cessible to individuals with disabilities, adhering to the WCAG guidelines to p
rovide a seamless experience for all users, and regularly reviewing our accessi
bility practices to maintain compliance with evolving standards. 
(acmart)              To this end, we strongly encourage our authors to provide
 alternative text and captions for images and multimedia content. It is also im
portant to optimize color contrast for the visually impaired. Taking these impo
rtant steps when creating your papers will ensure that the widest possible audi
ence can ingest your work..


Package balance Warning: You have called \balance in second column
(balance)                Columns might not be balanced.


(C:\Users\13627\AppData\Local\Programs\MiKTeX\tex/generic/stringenc\se-pdfdoc.d
ef
File: se-pdfdoc.def 2019/11/29 v1.12 stringenc: PDFDocEncoding
)
(C:\Users\13627\AppData\Local\Programs\MiKTeX\tex/generic/stringenc\se-utf8.def
File: se-utf8.def 2019/11/29 v1.12 stringenc: UTF-8
) [15.15] (C:\Users\13627\Desktop\actdelta\tmp\pdfs\main-10pt-check.aux)
 ***********
LaTeX2e <2025-11-01>
L3 programming layer <2025-12-24>
 ***********
Package rerunfilecheck Info: File `main-10pt-check.out' has not changed.
(rerunfilecheck)             Checksum: C2A53C8DC4791A100DAE173CF07A0B4E;8350.
 ) 
Here is how much of TeX's memory you used:
 35675 strings out of 467871
 677609 string characters out of 5418377
 1134892 words of memory out of 5000000
 63005 multiletter control sequences out of 15000+600000
 879458 words of font info for 569 fonts, out of 8000000 for 9000
 1302 hyphenation exceptions out of 8191
 94i,17n,134p,1094b,1096s stack positions out of 10000i,1000n,20000p,200000b,200000s
<C:/Users/13627/AppData/Local/Programs/MiKTeX/fonts/type1/public/newtx/Libert
ineMathMI.pfb><C:/Users/13627/AppData/Local/Programs/MiKTeX/fonts/type1/public/
newtx/LibertineMathMI5.pfb><C:/Users/13627/AppData/Local/Programs/MiKTeX/fonts/
type1/public/newtx/LibertineMathMI7.pfb><C:/Users/13627/AppData/Local/Programs/
MiKTeX/fonts/type1/public/newtx/LibertineMathRM.pfb><C:/Users/13627/AppData/Loc
al/Programs/MiKTeX/fonts/type1/public/libertine/LinBiolinumT.pfb><C:/Users/1362
7/AppData/Local/Programs/MiKTeX/fonts/type1/public/libertine/LinBiolinumTB.pfb>
<C:/Users/13627/AppData/Local/Programs/MiKTeX/fonts/type1/public/libertine/LinL
ibertineT.pfb><C:/Users/13627/AppData/Local/Programs/MiKTeX/fonts/type1/public/
libertine/LinLibertineTB.pfb><C:/Users/13627/AppData/Local/Programs/MiKTeX/font
s/type1/public/libertine/LinLibertineTBI.pfb><C:/Users/13627/AppData/Local/Prog
rams/MiKTeX/fonts/type1/public/libertine/LinLibertineTI.pfb><C:/Users/13627/App
Data/Local/Programs/MiKTeX/fonts/type1/public/libertine/LinLibertineTZ.pfb><C:/
Users/13627/AppData/Local/Programs/MiKTeX/fonts/type1/public/newtx/NewTXMI.pfb>
<C:/Users/13627/AppData/Local/Programs/MiKTeX/fonts/type1/public/newtx/txexs.pf
b><C:/Users/13627/AppData/Local/Programs/MiKTeX/fonts/type1/public/newtx/txmiaX
.pfb><C:/Users/13627/AppData/Local/Programs/MiKTeX/fonts/type1/public/newtx/txs
ym.pfb><C:/Users/13627/AppData/Local/Programs/MiKTeX/fonts/type1/public/newtx/t
xsys.pfb>
Output written on C:\Users\13627\Desktop\actdelta\tmp\pdfs\main-10pt-check.pdf 
(15 pages, 911354 bytes).
PDF statistics:
 744 PDF objects out of 1000 (max. 8388607)
 97 named destinations out of 1000 (max. 500000)
 135561 words of extra memory for PDF output out of 154059 (max. 10000000)

